Annee,Aruba,Afghanistan,Angola,Albanie,Andorre,Le monde arabe,Émirats arabes unis,Argentine,Arménie,Samoa américaines,Antigua-et-Barbuda,Australie,Autriche,Azerbaïdjan,Burundi,Belgique,Bénin,Burkina Faso,Bangladesh,Bulgarie,Bahreïn,Bahamas,Bosnie-Herzégovine,Bélarus,Belize,Bermudes,Bolivie,Brésil,Barbade,Brunéi Darussalam,Bhoutan,Botswana,République centrafricaine,Canada,Europe centrale et les pays baltes,Suisse,Îles Anglo-Normandes,Chili,Chine,Côte d'Ivoire,Cameroun,"Congo, République démocratique du","Congo, République du",Colombie,Comores,Cabo Verde,Costa Rica,Petits états des Caraïbes,Cuba,Curacao,Îles Caïmans,Chypre,République tchèque,Allemagne,Djibouti,Dominique,Danemark,République dominicaine,Algérie,Asie de l’Est et Pacifique (hors revenu élevé),de dividende précoce démographique,Asie de l’Est et Pacifique,Europe et Asie centrale (hors revenu élevé),Europe et Asie centrale,Équateur,"Égypte, République arabe d’",Zone euro,Érythrée,Espagne,Estonie,Éthiopie,Union européenne,Fragile et les situations de conflit touchées,Finlande,Fidji,France,Îles Féroé,"Micronésie, États fédérés de",Gabon,Royaume-Uni,Géorgie,Ghana,Gibraltar,Guinée,Gambie,Guinée-Bissau,Guinée équatoriale,Grèce,Grenade,Groenland,Guatemala,Guam,Guyana,Revenu élevé,"Chine, RAS de Hong Kong",Honduras,Pays pauvres très endettés (PPTE),Croatie,Haïti,Hongrie,BIRD seulement,BIRD et IDA,IDA totale,IDA mélange,Indonésie,IDA seulement,Île de Man,Inde,Non classifié,Irlande,"Iran, République islamique d’",Iraq,Islande,Israël,Italie,Jamaïque,Jordanie,Japon,Kazakhstan,Kenya,République kirghize,Cambodge,Kiribati,Saint-Kitts-et-Nevis,"Corée, République de",Koweït,Amérique latine et Caraïbes (hors revenu élevé),République démocratique populaire lao,Liban,Libéria,Libye,Sainte-Lucie,Amérique latine et Caraïbes,Pays les moins avancés: classement de l’ONU,Faible revenu,Liechtenstein,Sri Lanka,"Revenu intermédiaire, tranche inférieure",Revenu faible et intermédiaire,Lesotho,de dividende tardif démographique,Lituanie,Luxembourg,Lettonie,"Région administrative spéciale de Macao, Chine",Saint-Martin (fr),Maroc,Monaco,Moldova,Madagascar,Maldives,Afrique du Nord et Moyen-Orient,Mexique,Îles Marshall,Revenu intermédiaire,Macédoine du Nord,Mali,Malte,Myanmar,Afrique du Nord et Moyen-Orient (hors revenu élevé),Monténégro,Mongolie,Mariannes,Mozambique,Mauritanie,Maurice,Malawi,Malaisie,Amérique du Nord,Namibie,Nouvelle-Calédonie,Niger,Nigéria,Nicaragua,Pays-Bas,Norvège,Népal,Nauru,Nouvelle-Zélande,Pays membres de l'OCDE,Oman,Autres petits états,Pakistan,Panama,Pérou,Philippines,Palaos,Papouasie-Nouvelle-Guinée,Pologne,de Pré-dividende démographique,Porto Rico,"Corée, République démocratique de",Portugal,Paraguay,Cisjordanie et Gaza,Petits états insulaires du Pacifique,de Post-dividende démographique,Polynésie française,Qatar,Roumanie,Fédération de Russie,Rwanda,Asie du Sud,Arabie saoudite,Soudan,Sénégal,Singapour,Îles Salomon,Sierra Leone,El Salvador,Saint-Marin,Somalie,Serbie,Afrique subsaharienne (hors revenu élevé),Soudan du Sud,Afrique subsaharienne,Petits états,Sao Tomé-et-Principe,Suriname,République slovaque,Slovénie,Suède,Eswatini,Sint Maarten (Dutch part),Seychelles,République arabe syrienne,Îles Turques-et-Caïques,Tchad,Asie de l’Est et Pacifique (BIRD et IDA),Europe et Asie centrale (BIRD et IDA),Togo,Thaïlande,Tadjikistan,Turkménistan,Amérique latine et Caraïbes (BIRD et IDA),Timor-Leste,Afrique du Nord et Moyen-Orient (BIRD et IDA),Tonga,Asie du Sud (BIRD et IDA),Afrique subsaharienne (BIRD et IDA),Trinité-et-Tobago,Tunisie,Turquie,Tuvalu,Tanzanie,Ouganda,Ukraine,"Revenu intermédiaire, tranche supérieure",Uruguay,États-Unis,Ouzbékistan,Saint-Vincent-et-les Grenadines,Venezuela,Îles Vierges britanniques,Îles Vierges (EU),Viet Nam,Vanuatu,Monde,Samoa,Kosovo,"Yémen, Rép. du",Afrique du Sud,Zambie,Zimbabwe
1960,,,,,,,,,,,,,,,,,,,,,,,,,,,,,,,,,,,,,,,,,,,,,,,,,,,,,,,,,,,,,,,,,,,,,,,,,,,,,,,,,,,,,,,,,,,,,,,,,,,,,,,,,,,,,,,,,,,,,,,,,,,,,,,,,,,,,,,,,,,,,,,,,,,,,,,,,,,,,,,,,,,,,,,,,,,,,,,,,,,,,,,,,,,,,,,,,,,,,,,,,,,,,,,,,,,,,,,,,,,,,,,,,,,,,,,,,,,,,,,,,,,,,,,,,,,,,,,,,,,,,,,,
1961,,,,,,,,,,,,,,,,,,,,,,,,,,,,,,,,,,,,,,,,,,,,,,,,,,,,,,,,,,,,,,,,,,,,,,,,,,,,,,,,,,,,,,,,,,,,,,,,,,,,,,,,,,,,,,,,,,,,,,,,,,,,,,,,,,,,,,,,,,,,,,,,,,,,,,,,,,,,,,,,,,,,,,,,,,,,,,,,,,,,,,,,,,,,,,,,,,,,,,,,,,,,,,,,,,,,,,,,,,,,,,,,,,,,,,,,,,,,,,,,,,,,,,,,,,,,,,,,,,,,,,,,
1962,,,,,,,,,,,,,,,,,,,,,,,,,,,,,,,,,,,,,,,,,,,,,,,,,,,,,,,,,,,,,,,,,,,,,,,,,,,,,,,,,,,,,,,,,,,,,,,,,,,,,,,,,,,,,,,,,,,,,,,,,,,,,,,,,,,,,,,,,,,,,,,,,,,,,,,,,,,,,,,,,,,,,,,,,,,,,,,,,,,,,,,,,,,,,,,,,,,,,,,,,,,,,,,,,,,,,,,,,,,,,,,,,,,,,,,,,,,,,,,,,,,,,,,,,,,,,,,,,,,,,,,,
1963,,,,,,,,,,,,,,,,,,,,,,,,,,,,,,,,,,,,,,,,,,,,,,,,,,,,,,,,,,,,,,,,,,,,,,,,,,,,,,,,,,,,,,,,,,,,,,,,,,,,,,,,,,,,,,,,,,,,,,,,,,,,,,,,,,,,,,,,,,,,,,,,,,,,,,,,,,,,,,,,,,,,,,,,,,,,,,,,,,,,,,,,,,,,,,,,,,,,,,,,,,,,,,,,,,,,,,,,,,,,,,,,,,,,,,,,,,,,,,,,,,,,,,,,,,,,,,,,,,,,,,,,
1964,,,,,,,,,,,,,,,,,,,,,,,,,,,,,,,,,,,,,,,,,,,,,,,,,,,,,,,,,,,,,,,,,,,,,,,,,,,,,,,,,,,,,,,,,,,,,,,,,,,,,,,,,,,,,,,,,,,,,,,,,,,,,,,,,,,,,,,,,,,,,,,,,,,,,,,,,,,,,,,,,,,,,,,,,,,,,,,,,,,,,,,,,,,,,,,,,,,,,,,,,,,,,,,,,,,,,,,,,,,,,,,,,,,,,,,,,,,,,,,,,,,,,,,,,,,,,,,,,,,,,,,,
1965,,,,,,,,,,,,,,,,,,,,,,,,,,,,,,,,,,,,,,,,,,,,,,,,,,,,,,,,,,,,,,,,,,,,,,,,,,,,,,,,,,,,,,,,,,,,,,,,,,,,,,,,,,,,,,,,,,,,,,,,,,,,,,,,,,,,,,,,,,,,,,,,,,,,,,,,,,,,,,,,,,,,,,,,,,,,,,,,,,,,,,,,,,,,,,,,,,,,,,,,,,,,,,,,,,,,,,,,,,,,,,,,,,,,,,,,,,,,,,,,,,,,,,,,,,,,,,,,,,,,,,,,
1966,,,,,,,,,,,,,,,,,,,,,,,,,,,,,,,,,,,,,,,,,,,,,,,,,,,,,,,,,,,,,,,,,,,,,,,,,,,,,,,,,,,,,,,,,,,,,,,,,,,,,,,,,,,,,,,,,,,,,,,,,,,,,,,,,,,,,,,,,,,,,,,,,,,,,,,,,,,,,,,,,,,,,,,,,,,,,,,,,,,,,,,,,,,,,,,,,,,,,,,,,,,,,,,,,,,,,,,,,,,,,,,,,,,,,,,,,,,,,,,,,,,,,,,,,,,,,,,,,,,,,,,,
1967,,,,,,,,,,,,,,,,,,,,,,,,,,,,,,,,,,,,,,,,,,,,,,,,,,,,,,,,,,,,,,,,,,,,,,,,,,,,,,,,,,,,,,,,,,,,,,,,,,,,,,,,,,,,,,,,,,,,,,,,,,,,,,,,,,,,,,,,,,,,,,,,,,,,,,,,,,,,,,,,,,,,,,,,,,,,,,,,,,,,,,,,,,,,,,,,,,,,,,,,,,,,,,,,,,,,,,,,,,,,,,,,,,,,,,,,,,,,,,,,,,,,,,,,,,,,,,,,,,,,,,,,
1968,,,,,,,,,,,,,,,,,,,,,,,,,,,,,,,,,,,,,,,,,,,,,,,,,,,,,,,,,,,,,,,,,,,,,,,,,,,,,,,,,,,,,,,,,,,,,,,,,,,,,,,,,,,,,,,,,,,,,,,,,,,,,,,,,,,,,,,,,,,,,,,,,,,,,,,,,,,,,,,,,,,,,,,,,,,,,,,,,,,,,,,,,,,,,,,,,,,,,,,,,,,,,,,,,,,,,,,,,,,,,,,,,,,,,,,,,,,,,,,,,,,,,,,,,,,,,,,,,,,,,,,,
1969,,,,,,,,,,,,,,,,,,,,,,,,,,,,,,,,,,,,,,,,,,,,,,,,,,,,,,,,,,,,,,,,,,,,,,,,,,,,,,,,,,,,,,,,,,,,,,,,,,,,,,,,,,,,,,,,,,,,,,,,,,,,,,,,,,,,,,,,,,,,,,,,,,,,,,,,,,,,,,,,,,,,,,,,,,,,,,,,,,,,,,,,,,,,,,,,,,,,,,,,,,,,,,,,,,,,,,,,,,,,,,,,,,,,,,,,,,,,,,,,,,,,,,,,,,,,,,,,,,,,,,,,
1970,,,,,,,,,,,,,,,,,,,,,,,,,,,,,,,,,,,,,,,,,,,,,,,,,,,,,,,,,,,,,,,,,,,,,,,,,,,,,,,,,,,,,,,,,,,,,,,,,,,,,,,,,,,,,,,,,,,,,,,,,,,,,,,,,,,,,,,,,,,,,,,,,,,,,,,,,,,,,,,,,,,,,,,,,,,,,,,,,,,,,,,,,,,,,,,,,,,,,,,,,,,,,,,,,,,,,,,,,,,,,,,,,,,,,,,,,,,,,,,,,,,,,,,,,,,,,,,,,,,,,,,,
1971,,,,,,,,,,,,,,,,,,,,,,,,,,,,,,,,,,,,,,,,,,,,,,,,,,,,,,,,,,,,,,,,,,,,,,,,,,,,,,,,,,,,,,,,,,,,,,,,,,,,,,,,,,,,,,,,,,,,,,,,,,,,,,,,,,,,,,,,,,,,,,,,,,,,,,,,,,,,,,,,,,,,,,,,,,,,,,,,,,,,,,,,,,,,,,,,,,,,,,,,,,,,,,,,,,,,,,,,,,,,,,,,,,,,,,,,,,,,,,,,,,,,,,,,,,,,,,,,,,,,,,,,
1972,,,,,,,,,,,,,,,,,,,,,,,,,,,,,,,,,,,,,,,,,,,,,,,,,,,,,,,,,,,,,,,,,,,,,,,,,,,,,,,,,,,,,,,,,,,,,,,,,,,,,,,,,,,,,,,,,,,,,,,,,,,,,,,,,,,,,,,,,,,,,,,,,,,,,,,,,,,,,,,,,,,,,,,,,,,,,,,,,,,,,,,,,,,,,,,,,,,,,,,,,,,,,,,,,,,,,,,,,,,,,,,,,,,,,,,,,,,,,,,,,,,,,,,,,,,,,,,,,,,,,,,,
1973,,,,,,,,,,,,,,,,,,,,,,,,,,,,,,,,,,,,,,,,,,,,,,,,,,,,,,,,,,,,,,,,,,,,,,,,,,,,,,,,,,,,,,,,,,,,,,,,,,,,,,,,,,,,,,,,,,,,,,,,,,,,,,,,,,,,,,,,,,,,,,,,,,,,,,,,,,,,,,,,,,,,,,,,,,,,,,,,,,,,,,,,,,,,,,,,,,,,,,,,,,,,,,,,,,,,,,,,,,,,,,,,,,,,,,,,,,,,,,,,,,,,,,,,,,,,,,,,,,,,,,,,
1974,,,,,,,,,,,,,,,,,,,,,,,,,,,,,,,,,,,,,,,,,,,,,,,,,,,,,,,,,,,,,,,,,,,,,,,,,,,,,,,,,,,,,,,,,,,,,,,,,,,,,,,,,,,,,,,,,,,,,,,,,,,,,,,,,,,,,,,,,,,,,,,,,,,,,,,,,,,,,,,,,,,,,,,,,,,,,,,,,,,,,,,,,,,,,,,,,,,,,,,,,,,,,,,,,,,,,,,,,,,,,,,,,,,,,,,,,,,,,,,,,,,,,,,,,,,,,,,,,,,,,,,,
1975,,,,,,,,,,,,,,,,,,,,,,,,,,,,,,,,,,,,,,,,,,,,,,,,,,,,,,,,,,,,,,,,,,,,,,,,,,,,,,,,,,,,,,,,,,,,,,,,,,,,,,,,,,,,,,,,,,,,,,,,,,,,,,,,,,,,,,,,,,,,,,,,,,,,,,,,,,,,,,,,,,,,,,,,,,,,,,,,,,,,,,,,,,,,,,,,,,,,,,,,,,,,,,,,,,,,,,,,,,,,,,,,,,,,,,,,,,,,,,,,,,,,,,,,,,,,,,,,,,,,,,,,
1976,,,,,,,,,,,,,,,,,,,,,,,,,,,,,,,,,,,,,,,,,,,,,,,,,,,,,,,,,,,,,,,,,,,,,,,,,,,,,,,,,,,,,,,,,,,,,,,,,,,,,,,,,,,,,,,,,,,,,,,,,,,,,,,,,,,,,,,,,,,,,,,,,,,,,,,,,,,,,,,,,,,,,,,,,,,,,,,,,,,,,,,,,,,,,,,,,,,,,,,,,,,,,,,,,,,,,,,,,,,,,,,,,,,,,,,,,,,,,,,,,,,,,,,,,,,,,,,,,,,,,,,,
1977,,,,,,,,,,,,,,,,,,,,,,,,,,,,,,,,,,,,,,,,,,,,,,,,,,,,,,,,,,,,,,,,,,,,,,,,,,,,,,,,,,,,,,,,,,,,,,,,,,,,,,,,,,,,,,,,,,,,,,,,,,,,,,,,,,,,,,,,,,,,,,,,,,,,,,,,,,,,,,,,,,,,,,,,,,,,,,,,,,,,,,,,,,,,,,,,,,,,,,,,,,,,,,,,,,,,,,,,,,,,,,,,,,,,,,,,,,,,,,,,,,,,,,,,,,,,,,,,,,,,,,,,
1978,,,,,,,,,,,,,,,,,,,,,,,,,,,,,,,,,,,,,,,,,,,,,,,,,,,,,,,,,,,,,,,,,,,,,,,,,,,,,,,,,,,,,,,,,,,,,,,,,,,,,,,,,,,,,,,,,,,,,,,,,,,,,,,,,,,,,,,,,,,,,,,,,,,,,,,,,,,,,,,,,,,,,,,,,,,,,,,,,,,,,,,,,,,,,,,,,,,,,,,,,,,,,,,,,,,,,,,,,,,,,,,,,,,,,,,,,,,,,,,,,,,,,,,,,,,,,,,,,,,,,,,,
1979,,,,,,,,,,,,,,,,,,,,,,,,,,,,,,,,,,,,,,,,,,,,,,,,,,,,,,,,,,,,,,,,,,,,,,,,,,,,,,,,,,,,,,,,,,,,,,,,,,,,,,,,,,,,,,,,,,,,,,,,,,,,,,,,,,,,,,,,,,,,,,,,,,,,,,,,,,,,,,,,,,,,,,,,,,,,,,,,,,,,,,,,,,,,,,,,,,,,,,,,,,,,,,,,,,,,,,,,,,,,,,,,,,,,,,,,,,,,,,,,,,,,,,,,,,,,,,,,,,,,,,,,
1980,,,,,,,,,,,,,,,,,,,,,,,,,,,,,,,,,,,,,,,,,,,,,,,,,,,,,,,,,,,,,,,,,,,,,,,,,,,,,,,,,,,,,,,,,,,,,,,,,,,,,,,,,,,,,,,,,,,,,,,,,,,,,,,,,,,,,,,,,,,,,,,,,,,,,,,,,,,,,,,,,,,,,,,,,,,,,,,,,,,,,,,,,,,,,,,,,,,,,,,,,,,,,,,,,,,,,,,,,,,,,,,,,,,,,,,,,,,,,,,,,,,,,,,,,,,,,,,,,,,,,,,,
1981,,,,,,,,,,,,,,,,,,,,,,,,,,,,,,,,,,,,,,,,,,,,,,,,,,,,,,,,,,,,,,,,,,,,,,,,,,,,,,,,,,,,,,,,,,,,,,,,,,,,,,,,,,,,,,,,,,,,,,,,,,,,,,,,,,,,,,,,,,,,,,,,,,,,,,,,,,,,,,,,,,,,,,,,,,,,,,,,,,,,,,,,,,,,,,,,,,,,,,,,,,,,,,,,,,,,,,,,,,,,,,,,,,,,,,,,,,,,,,,,,,,,,,,,,,,,,,,,,,,,,,,,
1982,,,,,,,,,,,,,,,,,,,,,,,,,,,,,,,,,,,,,,,,,,,,,,,,,,,,,,,,,,,,,,,,,,,,,,,,,,,,,,,,,,,,,,,,,,,,,,,,,,,,,,,,,,,,,,,,,,,,,,,,,,,,,,,,,,,,,,,,,,,,,,,,,,,,,,,,,,,,,,,,,,,,,,,,,,,,,,,,,,,,,,,,,,,,,,,,,,,,,,,,,,,,,,,,,,,,,,,,,,,,,,,,,,,,,,,,,,,,,,,,,,,,,,,,,,,,,,,,,,,,,,,,
1983,,,,,,,,,,,,,,,,,,,,,,,,,,,,,,,,,,,,,,,,,,,,,,,,,,,,,,,,,,,,,,,,,,,,,,,,,,,,,,,,,,,,,,,,,,,,,,,,,,,,,,,,,,,,,,,,,,,,,,,,,,,,,,,,,,,,,,,,,,,,,,,,,,,,,,,,,,,,,,,,,,,,,,,,,,,,,,,,,,,,,,,,,,,,,,,,,,,,,,,,,,,,,,,,,,,,,,,,,,,,,,,,,,,,,,,,,,,,,,,,,,,,,,,,,,,,,,,,,,,,,,,,
1984,,,,,,,,,,,,,,,,,,,,,,,,,,,,,,,,,,,,,,,,,,,,,,,,,,,,,,,,,,,,,,,,,,,,,,,,,,,,,,,,,,,,,,,,,,,,,,,,,,,,,,,,,,,,,,,,,,,,,,,,,,,,,,,,,,,,,,,,,,,,,,,,,,,,,,,,,,,,,,,,,,,,,,,,,,,,,,,,,,,,,,,,,,,,,,,,,,,,,,,,,,,,,,,,,,,,,,,,,,,,,,,,,,,,,,,,,,,,,,,,,,,,,,,,,,,,,,,,,,,,,,,,
1985,,,,,,,,,,,,,,,,,,,,,,,,,,,,,,,,,,,,,,,,,,,,,,,,,,,,,,,,,,,,,,,,,,,,,,,,,,,,,,,,,,,,,,,,,,,,,,,,,,,,,,,,,,,,,,,,,,,,,,,,,,,,,,,,,,,,,,,,,,,,,,,,,,,,,,,,,,,,,,,,,,,,,,,,,,,,,,,,,,,,,,,,,,,,,,,,,,,,,,,,,,,,,,,,,,,,,,,,,,,,,,,,,,,,,,,,,,,,,,,,,,,,,,,,,,,,,,,,,,,,,,,,
1986,,,,,,,,,,,,,,,,,,,,,,,,,,,,,,,,,,,,,,,,,,,,,,,,,,,,,,,,,,,,,,,,,,,,,,,,,,,,,,,,,,,,,,,,,,,,,,,,,,,,,,,,,,,,,,,,,,,,,,,,,,,,,,,,,,,,,,,,,,,,,,,,,,,,,,,,,,,,,,,,,,,,,,,,,,,,,,,,,,,,,,,,,,,,,,,,,,,,,,,,,,,,,,,,,,,,,,,,,,,,,,,,,,,,,,,,,,,,,,,,,,,,,,,,,,,,,,,,,,,,,,,,
1987,,,,,,,,,,,,,,,,,,,,,,,,,,,,,,,,,,,,,,,,,,,,,,,,,,,,,,,,,,,,,,,,,,,,,,,,,,,,,,,,,,,,,,,,,,,,,,,,,,,,,,,,,,,,,,,,,,,,,,,,,,,,,,,,,,,,,,,,,,,,,,,,,,,,,,,,,,,,,,,,,,,,,,,,,,,,,,,,,,,,,,,,,,,,,,,,,,,,,,,,,,,,,,,,,,,,,,,,,,,,,,,,,,,,,,,,,,,,,,,,,,,,,,,,,,,,,,,,,,,,,,,,
1988,,,,,,,,,,,,,,,,,,,,,,,,,,,,,,,,,,,,,,,,,,,,,,,,,,,,,,,,,,,,,,,,,,,,,,,,,,,,,,,,,,,,,,,,,,,,,,,,,,,,,,,,,,,,,,,,,,,,,,,,,,,,,,,,,,,,,,,,,,,,,,,,,,,,,,,,,,,,,,,,,,,,,,,,,,,,,,,,,,,,,,,,,,,,,,,,,,,,,,,,,,,,,,,,,,,,,,,,,,,,,,,,,,,,,,,,,,,,,,,,,,,,,,,,,,,,,,,,,,,,,,,,
1989,,,,,,,,,,,,,,,,,,,,,,,,,,,,,,,,,,,,,,,,,,,,,,,,,,,,,,,,,,,,,,,,,,,,,,,,,,,,,,,,,,,,,,,,,,,,,,,,,,,,,,,,,,,,,,,,,,,,,,,,,,,,,,,,,,,,,,,,,,,,,,,,,,,,,,,,,,,,,,,,,,,,,,,,,,,,,,,,,,,,,,,,,,,,,,,,,,,,,,,,,,,,,,,,,,,,,,,,,,,,,,,,,,,,,,,,,,,,,,,,,,,,,,,,,,,,,,,,,,,,,,,,
1990,,2378.97,6564.2,5984.6,406.704,632434.47,55211.8,100323.4,19845.2,,212.8,263625.7,58272.5,53483.7,171.8,109312.6,330.11,501.8,11523.73,73605.7,10737.46,1964.8,23965.6,99830.0,331.9,,10412.6,197897.4,982.92,3260.3,84.0,2807.4,147.6,419492.4,989036.4,43326.5,,30516.8,2173364.0,2705.4,2900.0,3179.0,3201.95,48727.9,65.3,96.6,2871.2,27596.708,35621.6,,,4591.2,150203.1,955307.7,273.4,61.1,52085.6,7860.7,62937.4,2671559.856,2611461.619,4328062.656,3837943.54,7961575.972,15422.5,87745.8,2622742.3,0.0,214950.6,35283.8,2310.7,3562593.5,1048089.787,54562.8,688.18,356237.9,,0.0,4099.02,561774.2,33488.3,2794.0,,996.3,194.0,171.5,63.4,75619.4,112.0,,3932.0,,1171.9,11424848.912,,2453.7,59702.662,20341.4,1020.42,67421.0,8933075.348,9354677.581,421602.233,281734.93,148531.5,139867.303,,563577.2,,30961.5,198468.7,64206.0,1947.46,33805.9,405262.0,7466.8,9934.0,1090534.0,237250.9,6137.2,22762.3,1260.416,23.1,110.8,247675.8,29127.4,734556.108,512.96,5622.1,452.62,28597.6,188.0,889669.728,64972.303,169214.187,198.968,3839.2,2238912.286,8817993.081,344.0,6248783.58,32215.2,11285.0,18777.4,,,21497.8,,30532.1,891.13,156.7,859915.26,269575.5,0.0,8629696.114,8591.3,8.211,2314.6,4083.0,532848.6,1915.34,12968.1,,1117.23,944.3,1164.1,554.84,54615.9,5264011.4,,,568.411,72771.5,1933.9,148378.9,29305.4,938.8,126.3,22310.7,11338313.36,11919.0,82867.78,59026.0,2692.9,20875.5,41076.7,0.0,2168.6,350214.6,187185.902,,123328.5,41068.6,2072.2,,1232.78,11296085.12,,12543.4,172633.6,2163533.0,549.425,641524.6,171407.1,5365.69,2326.3,28970.0,152.9,317.2,2383.3,,733.12,61906.5,399560.377,433.885,399713.177,111697.268,46.3,1759.988,54811.8,13528.8,53346.2,555.7,,152.8,32388.0,,390.6,2548357.656,4381133.14,977.6,89215.8,11018.2,44646.3,851100.408,0.0,532848.6,80.0,641524.6,399713.177,13153.1,14535.5,139197.9,6.4,1892.2,785.735,688618.9,6390783.828,3848.7,4844519.0,117767.7,80.6,101630.8,,,19327.9,66.9,21274890.0,89.0,,6642.3,247656.7,2740.8,16535.5
1991,,2233.77,6674.6,4057.6,406.704,634609.889,61564.8,105915.0,20689.6,,216.3,264756.3,62420.1,52059.4,215.1,113960.1,273.51,511.3,10830.76,58826.5,10346.53,2036.7,21441.0,96217.8,431.3,,10874.6,205475.3,979.83,3384.5,128.61,2734.7,141.6,413298.8,913109.2,45666.8,,29301.5,2302185.0,2791.5,6966.0,1737.9,3194.22,50437.0,68.5,101.3,3061.6,27880.972,27418.0,,,5109.0,136901.7,932548.1,287.4,61.2,62795.5,8229.6,66428.9,2829471.24,2738228.268,4529619.94,3730844.441,7840668.651,15740.3,89370.0,2638223.7,0.0,222099.7,31539.8,2333.1,3524660.9,1011550.869,55132.7,683.25,380651.3,,0.0,4556.36,570681.3,25505.9,2564.6,,1022.3,197.6,172.7,66.5,75818.0,118.9,,4031.5,,1144.2,11419240.16,,2454.6,61843.351,14744.9,1001.6,64552.2,9042954.703,9480861.66799999,437906.965,298597.57,162401.2,139309.395,,607225.8,,31466.7,219098.1,45545.1,1913.98,34523.6,404074.1,7405.3,9781.2,1103984.0,246366.0,5892.3,20422.9,1304.384,23.7,112.6,274792.7,7823.19,761397.142,545.936,7039.89,373.62,28815.7,196.1,915579.972,64346.695,162821.645,206.326,3985.4,2305346.83,8965031.268,347.6,6310209.321,34286.9,11753.4,17201.5,,,23119.0,,24599.5,952.69,159.6,883886.01,287995.8,0.0,8779651.023,8383.7,8.198,2210.6,4015.2,548780.39,1355.041,14758.07,,936.09,978.9,1251.6,637.39,65096.1,5220797.8,1117.9,,539.298,81929.1,1919.1,154508.4,27325.3,1182.25,126.6,22629.7,11382678.18,15720.6,82818.921,60305.8,3124.7,20266.8,40647.0,0.0,2176.6,351624.9,179521.679,,117344.2,42767.7,2020.3,,1258.15,11256339.33,,14984.8,142755.2,2136444.0,497.496,686051.99,187931.5,4803.48,2334.7,30474.9,160.1,341.4,3066.3,,705.299,52202.4,408486.065,406.424,408660.765,111958.043,46.4,2045.742,47938.2,12737.4,54236.3,563.2,,174.7,35765.9,,396.8,2712253.64,4239969.441,925.5,98069.4,10171.7,37788.5,885145.442,0.0,548780.39,93.1,686051.99,408660.765,13045.8,15030.7,143796.1,6.7,1865.7,806.39,651932.0,6474304.193,4371.7,4807499.0,118584.8,87.0,100993.7,,,19796.6,66.9,21429810.0,97.8,,8498.5,242328.0,2876.2,18301.0
1992,,1387.77,6877.3,2217.33,406.704,688901.78,59703.9,107929.3,10895.2,,287.3,268398.4,57664.8,63614.1,184.0,112329.3,282.61,517.5,11823.48,55364.1,12272.25,2566.1,15966.67,87990.4,502.9,,11154.2,207865.4,1178.65,3585.4,121.46,3298.3,151.1,426367.5,848797.4,45702.6,,30324.6,2418175.0,2772.1,6846.6,1482.42,3128.97,52514.6,70.1,108.1,4148.5,29777.882,21771.8,,,5479.7,134140.7,892817.4,303.6,82.5,57034.0,9620.4,66845.0,2957135.595,2811961.034,4697139.895,3506221.774,7494729.226,16845.2,90903.9,2563819.1,437.8,232369.6,23821.2,1517.2,3409696.4,964227.438,52280.5,715.55,368589.7,,106.4,4531.68,557885.3,20072.9,3076.7,,1052.2,197.6,177.1,895.8,78176.9,165.0,,4828.5,,1080.7,11456429.152,,2734.2,61342.317,15036.6,901.01,58001.9,9027669.406,9470109.1,442439.694,309931.02,171506.5,132508.674,,626294.3,,31505.4,233647.8,67338.2,1944.8,36857.3,402274.3,8145.3,11925.3,1115059.0,253841.5,5954.7,13803.2,1348.352,24.1,154.5,297049.9,23045.0,773539.042,595.573,7021.4,401.174,26339.1,298.7,932708.692,64942.474,148639.639,206.948,5248.3,2284879.835,8956262.0,353.8,6294023.074,19982.4,11435.5,13974.8,,,24879.0,,20322.2,964.66,225.1,955279.25,291682.6,80.2,8785349.971,8544.9,8.186,2169.1,4278.2,589594.1,1483.274,12858.42,,1097.38,1013.6,1323.3,633.54,67174.6,5305995.5,1218.1,,503.67,91809.6,2235.4,153252.9,30197.9,1234.16,120.7,24380.0,11417399.4,14921.9,79061.064,66977.8,3635.4,21034.0,44017.9,197.6,2179.8,343368.4,211333.072,,104693.1,46774.0,2474.6,,1663.75,11197181.92,,14677.6,126185.7,2030812.0,504.637,713312.37,202038.1,4530.7,2568.3,31410.9,168.3,324.6,3353.9,,682.33,47991.9,416459.119,363.402,416634.819,110502.696,44.2,2053.032,46096.2,12825.4,56745.9,583.8,,175.7,35151.4,,409.5,2852563.195,3990812.474,746.0,107952.2,7686.2,28099.3,907192.142,0.0,589594.1,76.9,713312.37,416634.819,13145.9,16109.4,149797.2,7.3,1859.5,815.06,574642.6,6500470.136,4768.6,4879628.0,113076.8,117.3,103108.6,,,20812.9,63.7,21380890.0,103.0,,9130.0,238822.6,2848.0,18469.6
1993,,1341.29,9269.8,2056.08,410.368,741737.04,63621.9,110262.5,5039.3,,254.7,273052.5,57800.8,48052.4,193.3,110108.3,287.29,530.1,12568.4,55925.2,13066.22,2093.2,13403.99,76424.4,465.4,,10201.5,215259.5,995.94,3928.1,128.36,3249.7,157.1,422048.0,826255.91,43452.0,,32320.2,2645412.0,2957.3,5766.8,1896.19,2691.09,55880.5,73.1,110.9,4180.9,26779.862,20152.3,,,5735.8,130982.2,887057.0,304.9,75.8,59363.8,9520.4,72219.8,3217455.93,2910658.398,4989889.93,3198498.09,7108487.65,16952.7,92662.3,2510439.11,633.0,218079.8,18338.8,1941.3,3348855.31,914815.892,53461.8,702.29,349415.6,,108.0,4654.84,541376.1,16093.7,3188.1,,1081.9,206.6,184.7,959.4,78090.9,148.3,,5108.4,,1087.0,11540466.42,,2900.7,58787.381,15541.2,694.5,58382.4,9088804.332,9526085.229,437280.897,309644.78,185087.0,127636.117,,651351.7,,31653.6,236725.9,89561.9,1983.65,40504.6,396927.9,8323.9,12203.8,1107610.0,219244.9,5864.2,10114.8,1384.992,27.9,138.3,327604.4,30740.6,795097.422,610.268,10326.3,419.469,30584.6,289.2,957296.362,67660.417,138533.607,215.032,5091.3,2266118.98,9006275.129,358.4,6325226.33,15736.2,11645.3,11757.31,,,25577.0,,17414.1,996.72,202.6,1016800.72,300667.5,85.0,8843655.722,8844.8,8.173,2806.3,4813.6,631015.0,1293.62,11852.58,,1288.573,1048.0,1469.1,717.5,73044.4,5417259.0,1414.6,,573.65,86240.3,2198.7,158154.8,32428.6,1409.8,114.5,23960.3,11509006.46,15175.2,77909.29,73749.6,3795.2,21801.5,47795.7,198.2,2212.7,344016.4,228168.991,,96707.3,45792.8,2817.6,,1683.29,11188786.73,,16614.4,117700.1,1880246.0,507.896,745843.05,203256.5,3210.8,2505.6,36164.2,177.3,326.5,3923.3,,641.22,42718.1,418365.637,250.506,418553.337,106372.442,44.8,2060.322,44319.9,13556.2,56504.9,592.7,,187.7,35882.2,,409.6,3120863.13,3675755.79,633.1,122721.7,5167.3,26972.0,934054.922,0.0,631015.0,86.3,745843.05,418553.337,10722.8,16413.9,155579.5,7.6,1915.9,813.92,499314.9,6577536.742,4490.1,4995211.0,114593.0,125.0,107388.5,,,24244.9,63.7,21523230.0,112.5,,8552.4,246491.9,2514.4,17075.6
1994,,1289.89,11298.33,2073.5,406.704,786080.84,70781.9,111913.7,2736.51,,251.6,280175.1,58285.0,33515.3,193.5,114901.4,280.34,542.8,13543.45,53724.0,13372.03,2066.1,3162.67,64809.8,450.0,,9518.7,222497.5,1029.98,4265.1,136.58,3080.1,160.3,436764.7,804162.8,42593.0,,35643.1,2767667.0,3093.6,4619.2,2208.23,2055.2,56785.0,74.7,113.7,4850.5,25278.283,21719.4,,,5977.9,124707.2,875897.1,294.7,77.6,63195.4,11138.3,73607.0,3372329.497,3045741.318,5234142.897,2839027.663,6734091.216,18803.9,87901.2,2508720.8,733.56,228452.7,17816.1,2261.4,3336407.8,845666.805,59927.6,703.43,344404.4,,112.6,4615.41,535182.9,10443.86,3463.8,,1119.1,206.7,183.2,1032.1,79730.8,155.3,,5432.5,,1413.1,11724623.563,,3252.1,59380.453,14871.4,189.0,57784.3,9030575.476,9456490.17,425914.694,295514.33,199175.5,130400.364,,685903.4,,32818.7,266693.9,102115.8,2090.64,43361.2,392285.5,8378.4,12994.3,1160780.0,199168.8,5866.8,6547.1,1481.907,26.0,146.7,354277.1,36668.3,838454.903,638.32,11274.4,417.724,38642.5,311.0,1001217.583,74494.724,131192.997,201.109,5766.8,2251099.037,8937189.97,361.8,6233293.833,14812.4,10810.6,10223.5,,,27712.5,,14138.2,1213.12,204.6,1092173.13,326504.9,88.6,8778046.173,8548.7,6.121,2507.0,5647.4,684436.3,1256.653,10323.84,,1096.88,1067.1,1514.2,737.78,79739.2,5503569.7,1636.2,,549.43,78328.7,2525.4,157259.2,34412.4,1744.5,111.4,24225.9,11702438.34,16194.9,80097.113,76253.6,4036.9,22538.3,51513.4,198.6,2056.1,339752.2,235230.419,,88752.6,47302.9,3335.1,,1698.23,11252791.95,,18490.5,115163.7,1685048.0,466.248,784842.82,206361.0,4696.41,2606.2,37978.8,190.0,349.7,4459.3,,631.6,38904.6,418098.787,344.484,418305.687,107073.626,46.5,2069.303,41702.0,13606.0,58488.8,613.8,,206.9,37441.6,,425.4,3283688.297,3308814.963,906.9,137065.0,3035.37,33545.0,976402.103,0.0,684436.3,92.3,784842.82,418305.687,8792.6,16418.8,153823.1,8.3,1910.0,725.72,415669.9,6526947.136,4266.2,5066805.0,108876.6,136.6,106529.5,,,26682.4,63.6,21665650.0,103.4,,9339.6,252140.4,2143.8,15960.5
1995,,1240.29,12719.68,1928.51,425.024,810077.17,75169.0,112892.2,3507.2,,269.2,290184.1,61180.0,32474.9,199.7,114568.7,302.07,566.82,16554.48,54882.8,13535.88,2201.1,3369.47,57640.6,463.6,,8579.5,241283.8,1071.9,4600.7,162.53,3189.8,163.4,448046.1,809668.72,43439.4,,38972.0,3088620.0,3365.1,4679.4,2110.94,2635.41,59313.3,77.8,123.6,4809.8,25828.781,23175.5,,,5848.0,125179.8,874659.4,315.1,95.1,59999.2,11844.7,76441.1,3754089.892,3181467.033,5667308.792,2745891.756,6687486.74,20917.7,93722.7,2559528.92,799.67,240567.3,16258.3,2574.7,3391589.82,854528.955,56092.5,714.67,352239.1,,117.4,5210.94,526807.8,8177.32,3714.0,,1158.7,216.4,184.5,1095.5,82834.5,171.0,,6353.1,,1530.6,11897285.264,,3868.5,62784.363,15457.1,902.3,57431.3,9450892.607,9889888.001,438995.394,299948.48,223678.5,139046.914,,737856.8,,33448.2,271516.5,100068.6,2001.14,46775.3,416415.0,8679.6,13604.1,1171012.0,175236.4,6367.4,4598.9,1470.8,28.8,154.0,385406.0,36245.8,851342.081,674.952,13304.9,421.137,43481.4,335.2,1025709.481,83979.374,126760.162,204.2,5816.4,2353562.912,9348740.701,368.0,6545236.666,13742.2,8659.9,8996.82,,,28791.8,,12141.5,1371.8,261.4,1124390.48,306842.3,92.7,9191695.239,8518.2,5.296,2378.8,6936.6,707536.8,1327.336,10275.47,,1172.64,1174.7,1551.5,747.43,86309.9,5565084.1,1773.4,,528.72,86167.8,2652.7,164106.4,34389.2,1895.7,108.4,24325.8,11859659.86,18869.5,80404.026,82737.2,4355.5,25650.1,61747.5,197.7,2132.1,340003.8,245230.872,,83420.3,50693.2,3781.2,,1747.87,11386795.17,,19047.4,120876.0,1635486.0,458.85,846524.8,204832.0,4507.9,2761.2,37581.9,196.9,235.6,4961.4,,596.89,44548.9,443355.372,356.079,443558.772,107980.677,47.4,2087.581,42370.6,14470.0,58230.9,625.2,,203.4,38978.5,,438.1,3670777.992,3222228.656,977.4,155783.3,2508.62,33989.8,999260.981,0.0,707536.8,99.0,846524.8,443558.772,8618.6,16780.4,168150.5,8.9,2734.8,952.5,399250.1,6838132.327,4687.9,5117038.0,98154.7,151.3,114037.2,,,31401.0,66.8,22289910.0,116.6,,10531.7,264312.4,2129.5,15483.6
1996,,1175.7,15442.5,1943.71,454.336,838761.58,78530.8,122550.0,2577.0,,278.2,300808.9,64899.8,27193.3,206.2,119448.4,973.49,633.4,16825.3,55301.7,14154.98,2068.7,4188.03,58651.5,361.0,,8285.0,262414.0,1062.77,4827.2,196.56,2915.9,166.7,461700.8,833186.6,44006.0,,44896.3,3070505.0,4053.6,4755.4,2271.34,3168.94,58646.8,79.4,140.8,4526.9,26608.994,25203.4,,,6211.3,126740.5,904337.4,295.3,76.1,73343.9,12728.5,76124.7,3779108.131,3338552.155,5743443.531,2654129.334,6712325.649,23997.5,98940.6,2616540.9,873.72,230113.2,17198.7,2870.5,3488814.4,829174.969,62574.4,766.8,367896.6,,119.1,5805.86,545477.8,6363.3,4093.5,,1227.7,219.4,176.7,1194.0,82753.7,189.0,,6185.9,,1580.0,12262818.065,,3904.6,66411.193,15257.8,1058.2,58454.9,9539810.788,10009180.77,469369.982,319301.84,236716.8,150068.142,,774070.6,,34821.2,279808.9,98880.6,2266.72,48734.1,412153.5,9044.4,13868.3,1184674.0,153393.3,6967.9,5772.8,1529.8,33.2,154.5,409990.3,35625.5,905041.924,781.461,14123.6,435.002,45428.7,342.0,1094390.094,89878.842,117670.531,205.959,8355.3,2399461.621,9427049.67,373.1,6553410.494,14232.2,8736.8,9009.4,,,28484.7,,10402.7,1308.3,281.6,1163439.88,322699.3,93.6,9275484.13900001,10060.3,4.881,2324.3,7309.6,726092.6,1552.994,8690.27,,1161.72,1228.5,1614.1,737.52,98644.6,5735188.8,1923.7,,613.4,100231.1,2816.6,173623.4,34597.1,1959.1,102.1,25412.8,12232775.72,19382.0,85436.114,85821.1,4406.3,28062.4,67220.5,199.0,2232.4,355320.2,264357.791,,74007.5,48742.5,3723.0,,1824.8,11654043.4,,20941.6,124207.1,1601178.0,481.07,888685.26,217654.0,4307.1,2927.3,38520.1,206.0,310.0,4389.9,,574.0,51652.1,473992.421,367.368,474230.521,113869.908,47.4,2109.524,42174.1,15290.0,63647.4,456.4,,238.1,42022.8,,447.5,3705202.731,3148914.434,1356.6,174714.0,2240.2,30609.0,1066055.224,0.0,726092.6,81.0,888685.26,474230.521,9194.9,17315.3,185337.7,6.9,3070.5,1048.41,346111.3,6876022.518,5450.5,5273488.0,99600.4,147.9,121836.0,,,35033.5,85.6,22769140.0,131.5,,10799.1,274106.6,1761.9,14862.0
1997,,1098.2,16155.1,1467.7,465.328,879676.58,81443.0,126122.9,3340.7,,294.5,307847.5,64217.8,26489.6,209.0,116634.7,1236.54,690.65,18970.9,52994.6,14415.78,1865.3,8493.0,59174.6,461.0,,9122.2,281334.9,1164.02,5225.2,193.29,3066.0,166.6,476816.0,807308.4,42748.3,,51285.2,3134113.0,4972.6,4862.3,2269.97,3267.123,64190.4,84.1,145.1,4493.9,27493.486,27448.2,,,6304.9,124791.4,872646.5,330.9,100.2,63648.1,14502.8,74434.0,3884746.619,3502111.104,5868039.919,2516893.527,6487398.091,24953.4,106058.0,2588533.6,827.57,248603.1,16772.0,3058.4,3419648.4,835975.005,60624.0,747.11,359073.5,,124.6,5564.83,524190.9,5518.89,4295.1,,1286.8,228.7,196.8,1653.8,83761.7,201.6,,6550.3,,1722.2,12500988.264,,4036.7,71019.295,17073.6,1274.2,56990.1,9660570.923,10139388.749,478817.826,321438.733,261156.6,157379.093,,819269.2,,35972.5,292395.5,118909.8,2153.97,50967.4,415517.3,9197.9,14373.6,1172630.0,132238.8,6640.1,5693.4,1640.6,30.6,162.9,431637.6,37303.0,961230.266,826.369,16127.5,453.643,42196.6,345.5,1163479.486,95999.053,112114.784,218.366,8340.5,2495907.672,9559446.249,379.3,6520123.507,13923.6,8242.2,8528.6,,,29903.8,,9580.4,1419.42,338.3,1218406.08,342478.6,93.3,9412017.665,8987.6,12.19,2469.6,7247.9,766318.4,1669.797,8518.94,,1287.66,1228.7,1624.2,774.99,106015.1,6020167.0,1973.5,,615.49,98650.5,3020.1,166310.9,36543.5,2191.37,102.4,27689.0,12499648.97,20022.9,91098.767,89362.5,4637.5,27959.1,74791.3,201.9,2401.9,344627.0,286394.988,,67517.9,50931.6,4107.2,,1833.61,11877996.02,,25391.5,113608.4,1489508.0,507.059,939764.26,220074.5,5244.9,3215.0,38161.6,213.4,228.6,5319.2,,545.3,56314.9,490493.177,449.752,490770.477,120425.863,47.4,2131.466,42273.5,15725.6,57381.6,592.5,,277.3,42072.5,,466.5,3817331.119,2992202.527,763.7,177942.8,2513.44,30502.5,1133001.966,0.0,766318.4,94.2,939764.26,490770.477,9690.6,17875.5,193428.4,7.9,2887.3,1110.09,328244.8,6916109.993,5558.4,5543351.0,100732.4,156.3,127590.8,,,40843.0,89.1,23185610.0,129.1,,11640.7,289026.7,2285.5,13826.1
1998,,1040.0,16768.1,1793.91,490.976,884569.56,83451.3,132673.2,3470.6,,323.8,328619.1,64669.9,26490.5,215.6,119412.8,1214.7,757.62,19249.5,50477.5,15488.92,2355.4,10760.7,57256.5,452.4,,8665.2,290587.1,1266.2,4517.9,196.28,3682.2,227.1,484792.0,759219.0,44247.3,,52013.7,3236279.0,4989.7,5040.5,2275.74,3876.8,64443.9,92.1,159.7,5015.3,29021.224,27112.5,,,6610.0,118920.8,865253.7,393.4,105.2,59710.1,16616.1,74649.8,3965684.928,3609277.05,5860023.528,2515377.275,6485557.659,24469.7,110982.8,2630714.3,614.55,256215.5,16237.6,3227.6,3412023.7,786316.747,57265.6,729.05,381110.3,,130.1,6389.09,526000.3,4990.37,6099.7,,1361.2,244.7,172.3,1972.0,87127.2,224.1,,8286.1,,1747.6,12492577.204,,4679.0,74875.848,18532.0,1310.0,57353.3,9741919.274,10238176.992,496257.718,329766.25,262704.8,166491.468,,836270.2,,38419.0,290994.9,91783.6,2153.38,51504.7,426372.2,9724.7,14616.0,1130307.0,135836.3,7161.8,6035.9,1882.2,31.3,181.5,366567.2,42130.9,1004393.824,852.378,16255.4,489.955,41895.2,391.1,1211258.624,99323.253,106457.495,229.228,8608.4,2519218.973,9686107.192,386.4,6582928.59,14706.4,7565.5,8132.5,,,30634.6,,8649.1,1626.94,311.0,1222822.32,365142.6,95.5,9541636.197,9838.3,0.0,2374.5,7913.0,747951.6,1757.58,8548.7,,1241.68,1244.1,1791.6,746.94,105685.1,6075330.0,2017.6,,667.97,88703.0,3519.2,166734.4,37887.5,2315.7,99.5,27180.8,12504591.88,19518.3,94409.85,90190.3,5721.6,26970.5,74219.3,203.4,2653.4,318414.1,251850.052,,60938.6,55600.6,4266.9,,1844.15,11862462.8,,26501.7,99538.2,1487966.0,505.043,958181.38,233900.4,4767.34,3597.4,37047.1,220.6,247.4,5666.2,,517.8,56209.7,494518.185,389.947,494812.085,125275.224,50.9,2131.424,41403.5,15503.1,58363.4,615.1,,293.9,44630.7,,473.0,3904845.828,2951861.575,1199.6,156789.9,2765.715,31838.6,1180524.524,0.0,747951.6,94.9,958181.38,494812.085,9924.0,18659.8,193687.6,10.9,2692.6,1263.27,309288.0,7022417.224,5777.4,5590538.0,116264.4,193.8,129301.2,,,45473.9,82.8,23348620.0,146.1,,12455.4,296493.7,2173.0,14073.1
1999,,813.3,17613.42,2974.32,512.96,896399.4,85681.5,134505.6,3112.3,,326.8,333711.6,63051.9,26122.2,228.0,115514.5,1340.5,887.59,20105.5,44322.0,15450.88,2322.3,10516.1,54954.4,408.8,,8223.6,300958.7,1304.1,4433.0,203.31,3858.5,236.5,494278.6,717325.2,44528.1,,54430.3,3153661.0,6831.4,4788.3,2094.98,3962.9,55397.9,96.8,188.8,5034.0,29229.893,27998.5,,,6871.1,111945.8,833594.9,392.8,111.7,56728.2,17794.0,77506.0,3920451.908,3725778.981,5892299.408,2510449.868,6427973.973,21614.2,116535.7,2613761.3,649.82,278300.5,15294.6,3176.6,3354420.3,763803.021,56509.9,754.32,374896.6,,130.1,6027.69,522752.3,4522.2,6576.1,,1432.1,259.6,191.4,3233.8,87395.5,224.0,,8199.3,,1735.8,12566005.585,,4745.2,77554.254,18518.6,1381.7,57910.5,9730373.461,10241921.944,511548.483,338802.92,279482.7,172745.563,,901325.6,,39973.3,323358.0,72713.9,2115.39,52983.6,433010.6,9980.0,14630.8,1165316.0,122647.4,7485.2,4790.8,1907.1,31.9,183.5,401878.5,45739.1,998710.993,878.108,17035.0,399.274,43216.6,394.4,1204433.493,105221.193,114756.055,226.555,9496.3,2654189.208,9721510.844,389.2,6521100.668,12245.7,7920.3,7548.9,,,32198.7,,7352.4,1669.63,429.9,1267948.58,355178.5,95.5,9570080.989,9091.9,0.0,2409.2,8709.2,775183.0,1211.858,8606.58,,1233.76,1301.7,2198.4,794.02,114454.6,6103297.6,1979.0,,653.55,87019.9,3541.6,161446.1,39699.7,3123.7,93.4,28612.9,12554896.29,21978.1,97277.828,98773.3,5012.9,29072.5,71575.2,204.0,2603.3,308978.1,236083.165,,66575.4,62207.6,4266.3,,1893.32,11928527.1,,29001.3,84990.9,1523723.0,528.71,1034270.91,239521.9,5305.12,3960.7,37802.1,228.1,197.0,5606.0,,498.0,40010.1,482444.165,422.901,482752.065,128401.041,50.9,2149.693,40660.1,14910.0,57264.9,682.5,,307.9,43872.1,,488.7,3853969.908,2922937.468,1708.2,163786.0,2544.59,37688.1,1172808.593,0.0,775183.0,113.9,1034270.91,482752.065,9899.8,19664.4,192651.4,7.6,2516.6,1290.6,305725.1,6915891.781,6783.2,5609019.0,116489.7,189.0,125459.6,,,46412.8,89.4,23506530.0,145.1,,14059.0,278413.7,1764.0,15818.1
2000,,760.22,16204.36,3166.09,523.952,933754.74,84730.9,132268.3,3561.0,,328.8,339446.6,63532.3,27687.2,256.3,117274.6,1424.5,941.13,21650.8,43421.1,15876.5,2225.1,13955.1,52941.9,447.3,,8210.0,313670.7,1241.0,4717.9,213.94,4033.8,242.5,514215.2,709032.47,43708.8,,50424.5,3346526.0,6489.4,5209.1,1634.93,4348.186,58341.7,104.7,218.0,4946.7,28733.42,28353.1,,,7127.7,123167.5,830284.1,372.4,131.8,52601.8,18670.6,80047.6,4137162.52,3868066.855,6192251.62,2577433.803,6506133.714,22051.3,114614.8,2632455.97,636.69,293314.3,14916.5,3557.0,3362393.57,789750.887,55097.5,807.98,373116.8,,134.4,6079.8,530888.0,4772.8,5737.9,,1490.9,244.2,146.6,2215.4,94460.6,208.9,,9417.6,,1660.3,12862465.311,,4987.2,79667.221,18040.4,1473.3,54633.3,10107554.383,10642342.885,534788.502,355718.266,280645.1,179070.236,,937858.7,,42533.5,340453.4,87630.0,2225.44,56997.3,436296.6,10065.0,16268.1,1182607.0,120149.7,8320.4,4670.6,1963.0,34.8,190.6,456657.0,49835.1,1037668.12,903.07,15672.8,428.21,44717.8,385.9,1244541.62,109389.126,119544.156,216.849,10928.9,2726228.896,10135894.085,394.0,6787145.793,10514.2,8556.7,6929.57,,,32876.5,,6709.6,1654.02,462.8,1325786.4,379176.1,102.9,9976256.229,8756.6,1406.3,2129.2,9440.5,812782.0,1520.843,8996.67,,1426.9,1267.5,2431.9,712.67,124355.8,6290023.2,1942.3,,667.17,97218.4,3768.0,162096.7,34293.6,3221.0,88.1,29455.0,12878241.01,25114.0,97077.723,98374.1,5282.7,28634.3,72104.9,211.8,2828.7,295774.4,261725.547,,71822.9,61661.2,3524.3,,1964.88,12211411.5,,28664.9,89021.6,1563847.0,542.955,1073470.46,249656.5,5690.74,4063.7,42117.5,235.7,332.4,5631.6,,485.3,43985.4,497377.182,459.821,497670.082,127776.023,53.4,1480.42,38072.2,14541.7,53277.5,692.6,,292.9,44400.9,,292.7,4065427.72,2980270.203,1269.0,164491.4,2200.97,38507.6,1212722.42,0.0,812782.0,103.0,1073470.46,497670.082,10204.6,20697.1,216396.5,8.0,2946.4,1297.6,297376.8,7250027.333,5458.5,5775808.0,123807.0,163.7,131517.7,,,51207.7,89.4,24271440.0,148.8,,15030.6,284662.1,1807.2,13696.1
2001,,734.838,15956.0,3234.2,523.952,985326.85,97198.1,125258.1,3602.0,,351.3,345645.0,67911.3,26397.2,200.3,118339.8,1735.1,965.53,25779.0,46185.6,16386.32,2219.9,13763.7,51883.8,525.4,,8047.5,319375.6,1313.8,4708.8,231.1,3865.6,252.5,506616.0,721099.8,45154.7,,48425.1,3529081.0,6494.3,5156.7,1565.44,4244.6,58942.3,109.5,245.0,5420.6,30489.16,27465.1,,,6992.1,122721.4,847678.2,375.7,151.8,54245.2,18983.7,78646.1,4361364.83,3962237.32,6427366.03,2565070.918,6563900.32,24251.4,126704.8,2679477.4,696.62,294786.8,15384.1,4401.3,3419467.7,815541.372,61088.1,1040.32,376727.3,,151.3,6225.55,545262.0,3516.2,6209.6,,1565.4,308.0,147.9,3401.8,96607.8,226.1,,9814.3,,1643.8,12933311.122,,5800.1,83764.798,19203.0,1600.5,56280.4,10418084.478,10969893.24,551808.762,364074.72,302064.2,187734.042,,953537.6,,44815.3,354065.9,97552.8,2163.29,57952.5,436571.4,10083.0,16250.9,1170384.0,117441.2,7614.8,3966.7,2152.6,33.1,206.1,471532.6,53186.0,1038513.16,997.81,16890.9,453.77,44450.8,421.9,1249614.36,116832.692,124732.782,214.66,10848.0,2813314.66,10455711.84,397.9,7028454.978,11153.6,9118.5,7357.2,,,36273.0,,7017.8,1669.04,482.0,1391556.82,378830.7,106.5,10290247.658,8923.4,1610.0,2489.1,8351.8,853578.3,1667.268,8970.4,,1411.5,1404.6,2565.6,684.29,129458.6,6254879.0,2459.7,,665.63,101948.5,3925.5,167116.1,34717.8,3464.6,80.7,31618.8,12898067.39,28031.2,100243.028,99837.2,6216.5,26537.3,70482.2,216.1,3388.1,293627.4,278528.352,,74385.1,61383.6,3614.8,,2234.72,12254040.4,,28649.5,95230.0,1567174.0,557.73,1094914.338,254085.8,6254.93,4455.4,42031.3,246.1,441.6,5868.6,,508.5,45002.8,542270.294,529.084,542593.294,132966.908,53.4,1520.56,38577.0,15380.1,52497.3,610.8,,323.0,44728.8,,343.8,4287060.43,2973131.318,1178.1,173156.6,2150.05,39123.1,1218615.56,0.0,853578.3,94.8,1094914.338,542593.294,11621.0,21573.3,197771.1,9.9,3128.3,1303.9,300552.9,7476932.998,4946.3,5748263.0,125697.9,204.5,135801.2,,,56722.4,93.1,24639140.0,162.8,,16065.3,320540.1,1835.28,13897.3
2002,,1033.63,15689.7,3761.9,531.28,1018866.88,99147.7,117465.0,3118.7,,389.1,353371.3,69367.9,26177.6,208.1,110850.2,2177.3,964.03,27434.7,43599.9,17221.48,2401.5,14556.0,51843.3,522.2,,8301.4,317756.4,1372.0,4620.1,241.12,4026.7,249.3,524353.5,706185.1,43573.3,,49121.4,3810057.0,6838.9,5133.2,1650.1,2755.9,56767.0,109.5,278.5,5523.2,31612.16,26423.5,,,7168.5,118527.5,833382.2,398.9,122.7,53839.5,20884.1,82404.8,4672614.88,4083678.913,6773117.98,2598769.359,6575769.817,24172.2,129441.6,2684266.7,679.85,312753.3,14952.7,4571.5,3411198.4,808335.392,63439.7,884.54,371018.2,,141.2,5955.2,530785.7,2958.4,7431.7,,1627.6,298.9,153.3,4630.8,96596.2,244.5,,10468.7,,1621.9,12841449.638,,6087.8,87947.693,20281.7,1827.2,55599.9,10821336.369,11375266.434,553930.065,358226.44,305642.4,195703.625,,985453.6,,43929.8,369873.4,91164.3,2243.77,61080.6,443473.1,10248.1,16873.5,1206595.0,131064.2,7420.9,4968.7,2210.9,42.1,234.3,463004.7,55590.7,1037722.76,1105.48,16836.2,448.46,45590.2,433.4,1254608.26,121535.815,122721.715,220.008,11385.2,2887651.27,10858004.934,406.0,7350415.219,11221.7,9818.3,7352.2,,,37470.0,,7182.4,1121.93,615.4,1442196.88,386004.7,116.3,10693924.319,8370.3,1397.8,2318.4,8302.1,872119.3,1766.249,9604.46,,1570.9,1549.0,2612.6,682.12,136377.9,6117379.5,2128.6,,696.66,92240.1,4062.9,167429.4,34366.3,2786.7,78.1,31543.1,12793557.87,29970.9,105836.519,102325.6,5410.0,27731.1,71571.1,217.5,3612.6,287320.3,265416.352,,71198.0,65604.9,3775.4,,2102.34,12139104.7,,32495.1,93739.2,1565336.0,557.763,1131275.95,272252.7,7713.9,4579.6,41290.8,258.0,496.7,5935.3,,570.0,48581.2,545502.685,674.322,545854.385,139551.019,58.2,1115.66,38065.4,15524.6,54023.7,615.9,,351.7,44267.2,,401.5,4601494.98,3000110.559,1344.2,184243.9,2133.81,41410.8,1224411.26,168.9,872119.3,101.9,1131275.95,545854.385,12678.4,21705.5,208107.6,9.2,3565.8,1486.2,303940.8,7806273.049,4530.6,5593026.0,129891.5,228.4,140748.2,,,66495.9,83.0,25000340.0,170.5,,16093.7,331324.8,1922.95,12485.7
2003,,1218.707,16764.9,4065.8,534.944,1049656.31,103822.0,127656.0,3495.4,,405.9,352581.1,74461.6,28569.4,164.4,115502.1,2443.2,1043.08,28629.8,47933.3,17944.11,2380.2,14871.4,52703.9,506.5,,9084.6,310808.0,1383.6,5515.5,260.44,3915.0,230.4,544541.9,735881.3,44839.5,,50200.6,4415913.0,5307.5,5206.0,1998.6,3225.6,56108.9,139.3,307.1,5797.4,34869.56,25628.6,,,7834.1,122765.7,836794.5,413.3,136.7,59233.8,18725.2,88189.5,5333298.43,4251628.363,7443665.03,2707277.693,6786992.187,24655.6,133020.7,2741407.3,688.78,318657.7,16938.3,5022.4,3502218.8,837865.286,71708.1,1047.03,376705.7,,155.8,6436.2,543036.9,3157.2,7140.0,,1703.4,298.6,194.6,5010.1,100216.6,251.2,,10542.9,,1617.8,13070708.304,,6726.2,92004.357,21613.9,1810.3,58186.9,11703154.813,12270272.029,567117.216,360374.33,333887.5,206742.886,,1011771.0,,44086.8,389774.0,81277.6,2226.41,62925.5,462197.8,10593.7,17309.8,1214947.0,146139.1,6528.7,5585.8,2378.2,44.9,227.1,465698.9,58117.2,1059424.16,1151.44,17414.9,479.987,48924.3,445.8,1275256.66,132589.786,125051.906,229.34,12412.3,3013698.94,11738669.729,405.7,8074847.993,11230.6,10241.6,7593.2,,,37251.1,,7765.4,1553.4,529.4,1494838.61,404692.3,114.2,11567153.123,9137.0,1398.0,2608.0,10486.6,898149.5,1889.193,9312.16,,1904.6,1478.1,2748.6,747.32,144488.9,6203534.9,2265.8,,760.67,100997.8,4562.7,170362.8,37169.9,3021.8,68.8,33397.6,13020400.61,31699.1,113825.653,105663.5,5525.3,27157.8,73633.1,216.0,4077.0,297730.8,266925.693,,72737.2,60523.6,3937.6,,2305.03,12350145.4,,34743.1,98144.4,1609999.0,549.213,1163506.947,284830.1,7931.9,4486.4,38157.7,269.3,549.0,6510.2,,575.9,52145.0,577012.999,753.349,577354.499,151000.243,65.7,1233.96,38331.2,15413.0,55202.7,627.8,,341.5,44378.6,,449.6,5260630.03,3124766.793,1833.8,191925.5,2175.1,46350.3,1245864.26,167.8,898149.5,123.7,1163506.947,577354.499,15452.9,21496.0,219158.6,8.6,3763.2,1567.2,330228.5,8553454.183,4486.1,5658993.0,121908.3,234.2,135770.8,,,70903.8,87.2,26127570.0,169.5,,18699.7,353090.3,2084.2,10177.6
2004,,1034.607,17453.7,4249.3,560.592,1106155.3,110008.8,141375.9,3763.8,,395.4,365808.0,75795.8,28311.9,152.8,114022.7,2646.4,1055.04,30527.5,47265.7,17927.3,2253.9,15571.7,56039.4,440.8,,9487.5,328517.3,1363.9,5103.0,289.73,3970.3,225.7,536417.4,735036.4,45283.9,,54972.1,5124817.0,5466.1,5122.6,1939.7,3515.3,56112.1,152.8,334.4,5943.5,35513.86,25364.8,,,7778.8,123437.5,821073.6,395.0,155.3,53727.3,17282.2,89493.3,6100223.22,4480404.723,8239416.72,2706680.898,6793123.052,26177.5,144504.2,2754823.7,682.2,335560.3,17023.1,5334.2,3507496.7,827647.721,67682.9,1466.93,377785.5,,159.7,6090.8,543075.7,3373.1,6680.7,,1769.0,317.3,205.0,6201.6,99844.6,233.3,,10754.7,,1671.7,13210945.654,,7557.8,97000.8,21099.7,1666.8,56349.8,12676695.018,13269600.092,592905.074,376088.73,341244.7,216816.344,,1085667.0,,44687.6,417657.4,88107.7,2319.29,63159.9,472404.8,10571.8,18580.9,1209849.0,158026.5,7436.0,5557.6,2377.8,53.0,235.9,485909.6,61914.2,1105922.06,1211.21,17879.3,562.57,48462.2,448.7,1331924.46,139755.224,128574.384,229.372,12868.2,3155462.44,12728152.192,425.7,8882030.778,11914.3,11659.8,7616.5,,,40993.0,,7775.9,1645.54,746.6,1578374.6,414102.1,128.5,12550562.308,8839.3,1475.0,2598.0,10150.0,954546.5,2041.278,9561.28,,1910.0,1639.1,2770.3,768.45,158271.9,6274704.4,2379.6,,794.29,98727.6,4531.9,172116.5,37340.3,2809.6,69.0,32836.1,13149425.99,31255.6,117427.498,118650.6,5609.5,31237.2,75139.8,234.6,4947.0,301854.0,278515.781,,74322.7,62128.8,3973.7,,2810.53,12436057.1,,37073.3,95345.7,1600980.0,555.203,1252593.837,299891.0,8827.8,5390.2,39618.8,308.3,531.5,6676.8,,576.3,56345.3,608185.677,951.984,608568.077,155751.888,74.4,1392.96,37430.5,15699.6,53593.3,630.9,,382.4,46364.2,,446.0,6025969.52,3124980.298,1778.2,210189.9,2597.02,49365.3,1302941.86,196.6,954546.5,126.4,1252593.837,608568.077,16104.5,22480.5,224601.2,9.1,5075.3,1629.6,307135.6,9395099.868,5459.9,5738287.0,124841.0,245.7,139607.3,,,85051.8,66.5,27345930.0,188.5,,19628.8,379994.6,2106.2,9767.7
2005,,1552.011,15811.4,4033.4,575.248,1181610.3,116455.1,145992.0,4460.9,,406.4,370090.6,76236.6,30043.5,154.3,110610.8,2899.6,1064.59,32710.8,47985.6,20693.7,2109.5,16225.4,56779.6,469.7,,10052.9,331689.0,1416.1,4991.3,321.23,4278.6,223.9,549032.8,733631.8,45850.7,,55968.9,5824625.0,5876.5,5016.3,2208.7,4314.23,57636.9,146.9,441.1,6273.8,37041.36,26317.9,,,7900.8,119994.9,802383.2,428.9,160.1,50201.7,18690.8,94188.4,6832097.82,4671131.993,8972208.42,2723034.4,6786789.651,28220.1,162217.5,2746325.1,599.93,350499.8,17232.8,5049.5,3488154.9,841074.234,55460.2,1288.79,380655.1,,164.0,6058.1,540916.8,4243.1,7044.3,,1834.0,332.6,209.3,8321.9,101947.3,246.0,,11528.7,,1481.6,13252555.251,,6973.6,101869.864,21453.0,1704.8,55921.2,13581018.61,14193788.887,612770.277,375718.42,342147.9,237051.857,,1136467.0,,46650.5,450792.6,85127.4,2289.35,61012.4,473831.8,10563.5,19869.0,1212821.0,169214.3,8324.6,5302.5,2657.5,69.2,219.6,481002.1,69906.9,1138732.96,1257.28,17278.9,672.0,52992.3,443.5,1376350.86,146944.257,135637.747,228.953,13984.4,3268057.79,13645628.887,431.5,9659350.79,12827.3,11912.9,7715.0,,,43579.9,,8175.6,1709.64,721.3,1683311.0,432187.5,136.8,13449696.14,9233.5,1649.8,2626.4,10721.6,1027772.9,2004.8,11058.15,,1709.1,1507.8,2961.8,763.08,167419.3,6302526.8,2525.5,,759.56,98721.6,4338.7,167926.0,36351.3,3188.6,72.0,34232.2,13187638.25,31013.0,124779.08,121672.7,7116.4,31291.9,76669.7,260.9,4929.4,301353.0,282019.354,,77588.2,65473.8,3698.5,,2752.29,12431313.8,,38535.7,94714.2,1611984.0,552.123,1310618.041,315294.9,10496.0,5666.2,36901.4,339.1,446.0,6836.3,,580.0,50685.1,613372.766,912.013,613754.366,164572.73,79.9,1687.26,38518.3,15916.5,50206.2,656.0,,381.6,57220.3,,475.2,6754581.62,3140554.6,1748.1,217766.8,2471.2,50592.6,1346507.36,208.0,1027772.9,134.8,1310618.041,613754.366,17590.2,22972.0,235003.0,9.7,5660.0,2024.0,295405.2,10181638.35,5415.8,5753494.0,119191.1,247.9,147375.0,,,92368.7,70.9,28370030.0,206.1,,21105.7,377649.3,2293.1,10513.1
2006,,1764.18,16558.7,4014.6,545.936,1244545.85,121563.8,154903.7,4489.2,,438.7,375489.1,74099.3,30488.4,178.0,108645.6,3471.4,1240.48,35902.8,48954.8,22485.4,2101.1,17910.2,59121.1,508.4,,11234.5,335624.5,1466.6,7520.7,323.68,4086.9,234.2,540525.7,751337.6,45479.3,,57148.1,6437470.0,5698.7,5091.6,2282.7,4779.06,57688.7,172.1,502.4,6556.9,40888.67,26780.2,,,7999.4,120598.3,814413.1,432.6,171.1,58133.9,20368.5,99809.3,7473933.23,4925109.07,9605805.43,2834565.3,6907818.561,30126.1,170745.4,2730012.8,523.57,341776.3,15983.9,5404.8,3497012.5,843049.548,67024.9,1383.73,371547.0,,144.2,5437.0,542060.7,4701.3,8505.0,,1901.0,360.7,216.6,9372.4,100702.8,260.1,,11521.2,,1332.8,13196252.061,,7974.5,110956.09,21605.3,1718.8,55457.5,14512060.67,15147362.038,635301.368,385632.89,364466.9,249668.478,,1215206.0,,47263.3,484175.8,82957.5,2333.65,64331.0,466654.5,12059.6,20167.0,1189524.0,185296.0,9298.9,5320.8,2963.0,74.2,231.9,487852.1,72434.3,1175969.47,1642.8,16233.7,689.55,52919.0,475.7,1418773.47,156176.578,140227.098,231.075,12404.9,3440075.84,14578448.438,426.2,10398954.28,13017.3,11717.2,8199.9,,,44997.4,,7975.1,1637.09,874.8,1780325.5,448302.9,138.3,14373378.54,9219.3,1890.5,2650.6,9973.6,1078466.7,2179.3,12419.2,,1861.0,1727.1,3304.2,784.05,174100.8,6193607.7,2534.7,,753.94,88769.9,4547.6,163702.7,37195.5,2616.1,48.8,34265.9,13119460.95,39186.1,134294.53,132480.2,7490.3,30843.8,69466.0,253.1,4778.1,314093.0,277764.638,,78939.1,60448.0,3954.6,,2804.33,12318691.2,,43771.4,99260.6,1654853.0,552.52,1401572.66,335436.2,12897.05,5569.4,37171.6,336.4,590.4,7235.0,,581.5,53009.0,613941.078,998.668,614329.978,177987.53,81.7,1529.27,37873.3,16293.7,48896.3,650.6,,388.9,60213.8,,509.3,7395042.93,3269524.2,1569.6,219883.7,2686.5,51916.6,1388425.57,204.7,1078466.7,149.3,1401572.66,614329.978,20062.4,23896.6,261083.6,12.2,6052.1,2399.5,303989.4,10933302.7,6332.1,5653082.0,127357.1,251.0,147532.8,,,94869.8,68.1,29306640.0,196.0,,21918.6,379787.5,2177.5,9829.3
2007,,1771.41,16966.5,4138.3,538.608,1295588.9,131832.9,162806.1,5204.4,,459.7,385746.1,71242.5,27627.7,181.6,104587.3,3998.2,1406.42,37992.3,52598.7,23001.0,2118.1,18888.5,57648.9,534.3,,12084.4,352555.8,1481.2,7143.2,321.98,4319.8,237.6,571632.2,758258.7,43541.2,,64574.0,6993183.0,5657.8,6131.5,2472.8,4151.62,59176.7,111.7,459.7,7601.5,41582.58,27677.5,,,8307.1,123624.7,783803.0,469.9,179.9,53411.3,20626.8,102750.7,8068354.04,5219624.917,10261606.94,2891582.9,6907756.416,30635.7,183396.0,2692964.7,513.82,354683.1,19982.2,5963.5,3456575.2,836241.829,65102.7,1262.21,362828.2,,138.5,4941.01,530502.3,5626.6,9115.3,,1977.1,413.2,229.7,8538.3,104309.9,275.1,,12410.1,,1605.2,13361955.016,,8536.1,118318.557,22879.0,2045.4,53850.4,15396441.99,16051026.066,654584.076,387556.23,379956.5,267027.846,,1336737.0,,46355.8,514139.9,76649.6,2382.97,66597.9,459371.1,12023.1,21090.3,1225069.0,198389.5,9367.8,6469.7,3660.73,60.8,246.2,503693.8,70596.3,1219912.68,1734.3,15039.6,642.27,49389.3,482.5,1465016.28,166068.846,130935.336,200.738,13591.6,3659293.33,15469395.466,438.1,11034589.58,13208.1,11114.4,8531.8,,,46353.8,,8139.2,1723.1,866.5,1862356.9,457121.2,141.4,15269709.23,9698.2,2069.0,2715.6,10392.7,1120899.1,2098.4,13021.5,,2230.7,1987.1,3395.2,830.14,189938.7,6307952.2,2619.7,,819.96,81124.6,4696.3,164550.6,37746.8,2693.6,44.3,33270.5,13287284.07,42261.4,143943.26,146256.3,7484.3,33808.4,73223.2,238.8,5045.2,313375.4,267636.239,,65633.8,58797.6,3720.5,,2674.91,12450203.1,,49833.3,96734.7,1658151.0,579.017,1540230.69,354619.4,13963.4,6202.1,38286.0,335.3,502.9,7629.0,,623.2,51463.6,628416.056,1173.199,628820.256,188200.75,81.7,1411.28,37190.3,16283.4,47136.3,664.2,,404.2,63604.5,,500.1,8002764.54,3324572.0,1503.7,224591.7,3267.8,58482.4,1433739.48,204.6,1120899.1,128.0,1540230.69,628820.256,20496.2,24745.2,288967.8,14.2,5909.7,2868.2,312141.5,11610415.9,5854.7,5736320.0,122580.7,269.8,142389.2,,,105137.5,112.3,30414600.0,199.1,,23270.3,397063.5,1981.6,9764.7
2008,,3564.64,19275.4,4084.7,538.608,1399901.26,156045.6,167225.2,5685.5,,476.0,388935.6,70729.7,30447.6,185.0,106934.1,4017.6,1700.6,41580.8,50039.3,24762.2,2202.3,20761.2,60531.7,495.3,,13107.4,373633.0,1780.4,7912.4,297.65,4392.7,171.3,550469.8,740862.4,44962.5,,67991.6,7199605.0,6474.7,6393.5,2553.3,4361.49,59782.2,114.0,475.4,7515.2,39126.09,26747.1,,,8490.7,118305.1,789690.4,474.0,184.3,50127.5,20581.3,107746.2,8305968.12,5419716.826,10448593.92,2930868.16,6857106.572,31687.8,189935.5,2635778.5,446.41,324274.2,18398.1,6487.7,3378891.8,860614.145,56660.1,965.92,357990.2,,120.9,5272.37,515335.5,4838.8,8659.0,,2011.5,432.0,223.5,9777.3,100405.6,290.7,,11240.3,,1603.7,13096054.512,,8587.1,124527.456,21731.3,2029.3,53014.2,15861394.86,16531761.951,670367.091,393884.71,376137.7,276482.381,,1424383.0,,45780.1,523045.3,88135.7,2182.63,66708.0,444984.5,9619.0,20009.0,1158222.0,242035.0,9910.4,7507.6,4055.5,63.0,246.0,514924.5,75844.2,1250110.89,2048.2,18646.0,543.16,53269.4,494.7,1508990.99,175982.721,140424.871,219.474,12810.7,3785129.2,15950505.451,459.2,11372446.95,13064.5,11022.5,8105.9,,,48633.4,,8150.0,1780.34,870.5,1974793.9,459548.3,133.2,15736769.28,9479.1,2084.7,2724.3,7898.2,1164638.0,2693.3,12974.4,,2238.7,1899.5,3466.8,960.86,202905.5,6108849.8,2949.3,,863.94,86933.9,4503.0,165221.9,36871.5,2994.9,42.3,34165.4,12953674.53,41313.5,150755.45,142164.2,7297.5,38292.6,75147.3,212.9,4759.4,308325.3,294379.105,,72831.5,56844.4,4323.2,,2268.82,12109455.2,,53042.7,95421.4,1655193.0,564.656,1628666.39,389715.4,14953.16,6436.1,38423.6,323.2,519.1,6909.8,,618.3,49825.9,670253.891,1239.105,670671.291,192150.36,88.4,1455.49,37097.2,17360.1,46149.2,628.5,,417.4,65275.9,,544.0,8233178.92,3356346.16,1568.8,227583.7,3041.06,59279.8,1478261.19,210.1,1164638.0,127.3,1628666.39,670671.291,20023.3,25251.3,287195.0,9.6,6079.3,2971.8,301195.3,11951640.08,7750.1,5558380.0,128884.3,254.9,151112.9,,,117585.1,101.0,30635390.0,169.5,,24216.3,426739.7,2185.9,7601.5
2009,,4877.97,21145.1,4215.6,516.624,1446949.8,157021.0,156566.2,4510.8,,1394.3,395289.3,64416.3,25495.9,182.2,99666.1,4417.2,1727.8,44750.0,42907.8,24717.1,6165.0,20589.7,57402.3,1464.3,,14004.5,350000.8,4617.7,7874.3,322.4,4186.58,168.0,521316.0,683712.3,43668.6,,65450.6,7719071.0,6031.2,7032.3,2502.7,4839.56,62008.6,140.3,510.0,7198.3,47901.37,26979.6,,,8276.1,111165.1,734805.5,465.0,503.3,47933.4,19657.2,112172.7,8812248.88,5581136.917,10913077.68,2703687.25,6337882.005,34498.3,197660.8,2438190.8,468.33,287490.3,15046.1,6534.5,3129196.1,817011.301,54180.9,970.39,343733.5,,134.5,5199.98,466492.3,5624.3,10013.3,,2121.8,489.6,234.3,9711.9,94740.2,806.4,,11852.3,,1627.2,12358768.855,,8072.9,132865.277,20308.9,1991.4,47839.1,16270244.62,16934249.108,664004.488,380255.15,391082.6,283749.338,,1564881.0,,40564.6,542294.2,94204.9,2108.0,65727.7,397057.1,7879.4,20665.0,1100984.0,213614.3,11708.7,6761.9,4745.0,57.7,702.8,526639.5,77651.6,1213991.17,2537.5,21902.7,537.64,56398.4,1365.4,1480316.07,191211.788,128466.188,205.331,12291.4,3933238.9,16362279.708,526.3,11662388.78,11691.3,10442.8,7364.1,,,48752.9,,7638.1,1686.22,911.8,2038892.6,448372.7,136.6,16163100.22,8867.9,2511.6,2509.9,7494.1,1207075.9,1747.5,13638.49,,2494.3,2354.2,3423.3,981.15,181928.6,5677743.0,3019.5,,1084.57,76949.2,4394.5,160488.3,37425.5,3882.8,40.2,31169.7,12192586.9,43594.2,146961.56,145137.9,8698.5,41170.6,76295.5,203.5,5025.1,297260.3,300788.811,,55361.9,56299.6,4567.9,,2324.99,11326908.4,,54066.6,80711.5,1546668.0,589.137,1777055.27,406528.6,15480.7,6666.2,38831.8,331.7,517.2,6676.8,,613.8,46874.8,648221.238,1290.671,648669.038,197187.92,93.7,1446.77,33908.9,15509.2,42879.2,699.3,,447.8,60696.7,,790.7,8756927.18,3101967.95,2824.7,220260.1,2405.15,52386.8,1442553.77,234.2,1207075.9,137.4,1777055.27,648669.038,19043.0,25293.8,287827.2,10.7,5925.4,3357.3,251616.6,12229861.32,7665.9,5156427.0,116532.6,885.8,152587.1,,,132290.0,126.8,30236800.0,175.5,,26568.8,404199.6,2485.2,7754.3
2010,,7106.15,22801.6,4449.7,516.624,1532866.0,162790.1,167225.0,4336.6,,490.4,387536.3,69960.0,24311.9,304.7,106722.3,4825.1,2293.0,50579.5,44740.6,25965.7,2083.8,20842.5,61674.7,557.0,,15170.9,397931.0,1552.9,7170.8,397.74,3371.7,174.6,537008.2,707017.3,45207.8,,69750.1,8474923.0,6350.6,7014.3,2653.9,5424.45,63564.3,167.6,540.0,7105.4,38612.17,28110.0,,,7898.4,112251.3,773069.1,518.4,181.6,48124.7,20680.8,114179.9,9648196.92,5856225.177,11848105.12,2840088.9,6577680.93,37253.8,200313.6,2501245.3,500.65,273254.2,18997.0,6473.2,3213190.0,883425.54,62526.4,1163.82,347778.1,,111.9,5758.49,482441.2,5322.1,11192.4,,2499.5,438.7,240.7,9949.4,87578.5,288.0,,11442.3,,1759.3,12874491.33,,8181.3,144585.727,19460.3,2458.2,47880.5,17489092.96,18190473.797,701380.837,399814.97,415516.5,301565.867,,1659983.0,,40188.5,541168.0,108549.6,1959.124,70520.3,405272.3,7476.7,20196.8,1156480.0,229700.1,12640.8,6352.7,5140.8,53.9,241.3,575215.7,80723.1,1295874.87,2877.1,20864.3,733.26,59553.5,534.5,1571025.97,208006.167,133273.827,190.782,13071.8,4140107.69,17587387.897,546.5,12645160.544,12603.7,11034.9,8518.1,,,51755.9,,8295.1,1869.8,958.3,2127519.7,462869.7,140.1,17386846.97,8644.6,2783.6,2586.6,8131.3,1231140.6,2584.2,14311.1,,2680.6,2402.2,3661.8,885.7,200220.9,5929120.2,3129.6,,1371.24,90057.1,4513.2,171110.5,41413.7,4640.9,42.5,31049.3,12682233.924,47075.6,158866.954,140618.6,9190.6,44998.5,81932.4,213.7,5018.8,313739.1,339684.4,,51620.8,50937.3,5043.3,,2512.02,11783272.3,,60584.3,77617.3,1617829.0,604.777,1877355.99,446133.4,16421.0,7026.2,42413.6,341.1,559.4,6539.2,,630.4,47103.9,694730.617,1313.25,695173.717,199991.144,102.7,1744.87,35432.2,15777.2,48130.9,653.2,,443.1,61090.6,,1240.4,9596618.62,3250905.6,2630.1,234378.3,2446.9,59175.1,1539279.27,242.9,1231140.6,117.2,1877355.99,695173.717,21455.8,27518.0,297114.0,9.9,6913.0,3332.0,268924.6,13246739.28,6283.8,5392112.0,126240.6,246.0,164102.4,,,151413.5,126.5,32084170.0,191.4,,25432.0,425307.0,2656.9,9603.5
2011,,8928.59,23865.9,4852.7,490.976,1565758.0,165601.3,176638.1,4937.1,,537.5,386375.3,68271.5,27282.1,361.89,96482.2,4652.6,2460.3,54422.2,49637.6,26017.6,2571.9,23738.2,58550.8,669.0,,16614.8,418305.3,1763.65,7332.7,591.0,3883.337,194.3,549286.5,707138.7,41192.3,,76470.5,9282554.0,6118.3,6811.1,3016.9,5384.97,69097.1,150.0,567.1,7430.4,40734.68,27586.3,,,7634.6,109172.8,746477.3,475.2,179.2,43097.9,20913.9,120785.4,10510577.7,6082938.839,12791379.1,2997024.4,6592124.263,37096.5,205767.6,2411285.1,569.99,274396.8,18170.8,7539.3,3118369.0,885716.797,55123.4,1112.5,335139.7,,117.7,5776.74,445591.6,6521.8,11748.2,,2623.1,452.3,243.6,9992.3,84547.2,306.7,,11736.4,,1831.6,12653550.113,,8814.1,154534.567,19031.6,2697.54,46907.3,18680037.207,19403403.386,723366.179,410401.47,475314.4,312964.709,,1756744.0,,36681.3,552047.8,113039.1,1888.35,69822.8,396687.4,7532.6,20756.3,1213515.0,245452.6,13034.5,7623.8,5363.7,53.9,278.6,598480.8,83288.9,1353852.47,3043.0,21175.1,852.68,41949.4,591.1,1635370.32,219572.709,126831.309,176.737,15423.5,4369751.21,18776767.786,573.4,13612161.15,11845.1,10903.8,7897.3,,,55942.7,,8344.5,2193.89,1008.1,2171031.9,478403.7,140.5,18591897.517,9516.2,3122.6,2573.1,8692.9,1238150.2,2535.9,15729.4,,3351.7,2463.2,3639.0,929.52,202740.2,5722881.5,3326.4,,1405.04,94998.0,4766.2,158768.0,39601.6,5199.2,40.0,30290.7,12454190.05,53619.5,166441.827,141700.0,9994.1,48427.5,82625.2,211.6,5156.7,310593.6,356206.047,,37098.9,49867.9,5218.0,,2476.2,11537424.15,,68192.9,84064.9,1699085.0,678.492,1984016.59,463765.6,15923.7,7571.4,44766.9,354.2,735.3,6778.7,,632.9,51230.2,693146.426,1281.212,693554.826,209652.707,100.5,1952.73,34116.9,15700.8,44578.2,657.3,,408.4,56917.3,,1096.065,10473518.8,3410714.5,2515.6,233598.5,2564.2,65454.3,1603448.47,251.2,1238150.2,106.9,1984016.59,693554.826,22255.1,26344.1,317721.2,10.2,8187.4,3744.2,283342.4,14222146.307,7605.9,5173595.0,128633.8,265.0,160040.6,,,155973.4,133.6,33063810.0,195.1,,22950.2,409259.9,3050.7,11409.6
2012,,8079.43,23868.1,4359.2,487.312,1674052.5,175594.4,177960.0,5716.5,,696.9,386965.7,65107.1,30110.7,366.25,95270.0,4444.7,2944.5,57993.8,45023.1,27174.2,3548.6,21960.2,59938.3,667.4,,17421.8,454232.8,2121.42,7299.4,642.7,3414.335,198.4,546208.1,680985.7,42516.6,,78412.6,9541867.0,8037.7,6876.3,2827.3,5261.65,69695.2,161.1,529.0,7446.5,42063.95,28690.9,,,7098.8,106073.4,760127.7,495.8,247.6,38216.1,21681.5,134934.9,10805656.97,6383866.267,13129693.97,2961177.8,6523856.683,37085.1,215001.4,2381612.4,621.04,269265.6,16886.7,8478.4,3059098.2,928376.42,49408.1,1030.17,338418.6,,128.9,5601.87,467780.3,7193.0,14614.4,,2484.7,461.0,247.5,9819.4,80085.3,413.1,,12145.2,,2000.8,12509982.803,,9238.1,165294.062,17409.0,2415.34,43427.2,19248312.735,19969451.667,721138.932,397107.22,481506.1,324031.712,,1909443.0,,37127.9,559119.1,129003.3,1859.9,76063.2,376747.2,6959.0,24123.3,1253614.0,244596.7,12150.0,10057.7,5673.9,57.5,339.7,600316.3,85314.2,1403061.07,3271.9,23470.1,953.35,57625.6,751.8,1709809.69,230840.112,131912.912,185.271,16847.0,4569556.79,19332471.667,622.5,13929326.17,11926.5,10692.2,7570.7,,,58076.0,,8137.3,2741.74,1140.9,2292633.6,486454.5,138.6,19154564.195,9048.1,3106.1,2715.6,11964.0,1297676.6,2331.6,17141.5,,3679.1,2729.3,3725.0,946.96,205809.7,5502266.1,3526.8,,1894.88,95336.5,4686.0,157473.4,38490.0,5997.8,41.9,32107.4,12277870.8,60548.4,172362.105,143809.1,10461.6,48120.7,86183.1,221.3,4890.8,303351.4,377467.13,,38483.4,48220.3,5177.4,,2409.07,11331135.22,,75078.9,81847.0,1675757.0,748.092,2143953.73,492468.1,15796.7,7454.6,43692.3,354.4,860.2,6771.6,,629.7,45790.2,720945.497,1418.6,721371.897,216835.125,119.4,2441.63,32347.1,15123.6,42138.6,683.8,,426.4,47027.4,,1857.03,10767215.47,3363785.2,2235.8,250676.0,3015.2,69014.7,1675448.77,299.5,1297676.6,109.0,2143953.73,721371.897,21518.9,27787.2,328877.8,9.8,9867.3,3777.1,277110.2,14585007.405,8517.7,4956058.0,113140.3,357.1,181131.2,,,155522.9,120.1,33445780.0,197.4,,21012.5,426782.7,4030.3,12014.3
2013,,5987.05,26958.8,4435.8,476.32,1703920.29,184470.2,183250.4,5501.5,,473.5,380278.3,65747.0,30939.6,386.52,96586.3,4676.4,3131.8,60595.7,39660.7,28853.0,2809.1,21847.8,59990.2,457.9,,18742.2,486844.6,1441.17,7208.8,666.9,5421.539,121.6,555658.9,654549.7,43531.2,,82998.5,9984572.0,8692.4,7545.9,3959.5,5330.11,76863.2,193.7,506.0,7778.3,40508.28,28869.7,,,6427.7,101150.7,776151.8,562.79,171.6,39960.6,21287.2,139024.9,11254407.23,6456842.034,13580115.93,2910065.6,6389863.515,39701.0,213856.9,2332854.1,637.33,242805.6,19316.5,10081.0,2982333.4,939743.82,50191.3,1133.6,338555.7,,137.3,5790.37,453761.3,7837.4,15633.4,,2176.9,439.1,249.4,9183.9,72484.2,317.5,,13004.6,,1975.6,12593910.485,,9371.3,171795.355,17010.6,2650.86,40762.6,19799449.749,20534853.794,735404.045,413877.81,447942.0,321526.235,,1972430.0,,35709.3,583700.1,139102.6,2031.8,67002.5,346458.3,7402.3,23803.7,1262775.0,260013.3,14103.7,9379.5,5737.6,63.9,227.5,599601.4,87361.6,1443431.77,4160.8,23244.5,915.81,58610.5,507.1,1751625.34,249205.235,123197.245,192.495,14478.2,4665721.99,19899537.694,608.6,14412085.53,11329.6,10153.0,7452.4,,,57592.2,,7181.5,2930.23,1131.9,2338335.09,475737.7,142.7,19740954.109,8144.3,3217.5,2371.5,13595.7,1325875.89,2267.3,18384.13,,4204.7,2594.8,3818.0,976.33,223662.4,5647760.9,3785.2,,1967.19,108133.4,4473.3,157090.2,39503.6,6087.8,47.4,31885.5,12334447.0,63014.3,178752.699,146063.7,10252.3,49752.0,95504.2,221.8,5239.7,298304.4,407325.63,,27629.1,46555.2,5301.2,,2570.3,11396009.47,,76171.4,72093.7,1632681.0,813.665,2207441.25,503214.7,15216.3,8013.0,43912.3,390.2,1038.9,6455.8,,654.5,46472.5,758315.954,1453.1,758731.454,221831.279,122.2,2289.81,32920.4,14548.1,40536.0,751.3,,415.5,30702.8,,2186.26,11226825.53,3297474.3,1749.0,260700.9,3195.1,70224.3,1718505.37,458.3,1325875.89,115.1,2207441.25,758731.454,22208.6,27849.8,318168.6,8.8,10806.7,3694.3,270268.6,15075232.119,7357.6,5092102.0,111856.6,226.6,180425.3,,,164297.5,112.2,34107980.0,197.3,,27825.1,436923.0,4238.6,12284.0
2014,,4879.64,29629.8,4820.4,461.664,1761731.57,184764.4,179598.2,5479.0,,477.2,371633.6,62048.9,32243.4,375.52,90137.3,5186.1,3176.7,63829.4,42054.4,30282.7,2522.3,19493.7,59496.8,484.3,,20409.9,511617.9,1270.47,7080.3,704.1,6988.912,131.5,561677.0,633334.3,39793.3,,76560.3,10006670.0,9196.9,8248.2,5136.1,5194.7,79201.5,173.2,500.3,7831.9,40102.359,26688.7,,,6811.8,97510.1,736011.7,404.77,180.2,35819.6,21450.7,147736.1,11353515.04,6785078.597,13613856.84,2818769.5,6108307.14,41801.1,219121.7,2208169.6,648.32,240960.8,17939.4,12341.4,2836772.0,913740.457,46161.7,1288.84,306100.5,,142.3,5962.05,415599.3,8469.2,15089.3,,2243.3,516.0,265.6,7907.5,69548.7,253.9,,13947.1,,2063.389,12395856.81,,9464.9,181710.391,16236.4,3021.14,40625.2,20026058.062,20788956.863,762898.801,424024.34,483911.9,338874.461,,2147108.0,,35525.3,605352.8,134044.8,2047.5,64717.8,327498.0,7191.3,25553.1,1217119.0,209227.8,15148.9,9707.6,6947.2,60.6,228.7,588088.6,85573.7,1460987.729,4344.5,25151.0,1217.8,58001.8,506.6,1760580.399,267820.172,133191.402,161.176,17599.4,4937489.61,20177044.363,605.1,14405020.029,10863.6,9648.0,7282.3,,,58691.7,,7712.2,3010.62,1368.2,2414316.57,462240.4,145.5,20013657.101,7699.4,3376.0,2356.3,17038.0,1358050.77,2218.4,18122.0,,4861.6,2902.6,3949.4,846.8,236653.4,5668891.0,3948.3,,2146.137,114832.0,4758.6,149793.4,39113.4,7132.2,51.1,31970.7,12103220.8,66385.5,185560.132,154235.2,10758.1,53167.9,101822.5,219.8,5887.2,285730.0,417197.337,,31225.3,45931.1,5628.0,,2746.44,11143265.87,,81664.2,71542.1,1611961.0,863.125,2396856.14,540521.2,16115.1,8572.0,44398.5,344.0,1146.6,6592.2,,651.0,38958.7,788865.184,1526.0,789332.184,228408.931,120.2,2620.0,30438.1,13112.7,39084.6,749.0,,467.0,26610.1,,2260.3,11322340.84,3192278.0,1588.5,256796.0,4583.6,71401.2,1730098.929,529.9,1358050.77,114.5,2396856.14,789332.184,22036.1,29952.9,340641.5,10.1,10713.4,4112.2,237728.6,15076167.491,6500.4,5107214.0,104872.6,267.9,179239.1,,,180871.8,160.4,34229560.0,209.3,,27430.0,447927.2,4686.0,12077.9
2015,,5946.69,31649.0,4620.1,465.328,1807587.05,195243.1,185547.3,5343.4,,491.0,377795.2,63238.3,31773.3,401.65,95131.8,5505.6,3700.3,72194.0,44556.5,30579.7,2210.5,19615.5,54820.3,676.0,,20757.5,485344.0,1267.07,6397.7,767.8,6952.812,185.7,558700.8,643894.8,39090.8,,82225.4,9861100.0,9805.7,8461.4,3231.4,5655.7,80227.7,187.2,503.4,7537.9,39313.0,29212.4,,,6851.9,99140.8,742314.4,464.85,181.2,33695.4,23590.5,156273.9,11270393.35,6845111.394,13519627.35,2746798.5,6078639.049,41524.2,226277.5,2256741.0,648.1,256283.1,15538.3,12892.5,2895707.4,831283.54,42815.4,1383.25,311300.8,,148.3,6116.1,401078.5,9201.1,15778.2,,2540.1,529.0,283.9,6567.5,68010.2,273.0,,16335.3,,2079.93,12358842.519,,9930.2,193613.982,16602.3,3280.44,43384.1,19859514.512,20639690.794,780176.282,424959.05,488548.0,355217.232,,2158024.0,,37063.0,599180.4,133168.4,2057.5,66142.0,337862.1,7088.7,25309.1,1179445.0,190726.9,17214.1,10267.6,8432.6,62.1,238.0,607827.1,89020.2,1461886.07,8875.9,27014.1,1259.9,51327.1,502.0,1750122.04,281559.802,134502.552,159.621,20362.6,4997235.49,20029682.494,649.8,14279465.58,11068.6,9134.2,7315.9,,,60411.5,,8020.6,3284.62,1373.8,2451462.35,471632.9,150.1,19881546.782,7405.9,3652.2,1657.1,19037.2,1348722.15,2359.1,17300.6,,5516.6,3558.2,3960.9,925.0,236537.3,5549409.8,4198.4,,2112.76,107762.8,5271.2,157410.6,39495.0,7186.2,55.9,32281.2,12040561.9,70130.6,184698.962,164132.3,10699.1,54553.7,111005.4,206.1,6511.2,289077.4,421370.82,,25102.5,49851.9,6367.5,,2817.45,11004118.17,,84776.3,73317.5,1592560.0,984.592,2429987.39,565191.2,18708.1,9285.5,45431.9,311.9,907.8,7001.5,,650.7,45389.2,771895.034,1969.4,772406.734,226829.412,124.5,2724.1,30753.7,13139.7,39192.4,765.0,,511.7,25266.9,,2385.7,11245346.75,3125795.7,1825.6,264002.3,4904.8,73398.4,1717432.07,524.7,1348722.15,115.8,2429987.39,772406.734,21334.6,30476.2,351593.8,8.0,11688.0,4715.2,191067.7,14884311.292,6640.6,4990709.0,99174.3,246.9,163129.7,,,220654.1,137.8,34076290.0,238.2,,13552.2,424805.0,4956.6,12432.8
2016,,5303.53,29764.9,4477.1,468.992,1827972.85,201080.8,183158.1,5066.7,,501.3,384991.7,63684.5,32239.3,443.65,94222.7,6739.0,3703.5,74384.4,41586.7,30304.6,2044.3,22341.1,55142.4,652.4,,22010.2,447077.2,1288.57,6968.5,930.7,6629.312,207.6,556827.6,655574.4,39666.5,,86492.0,9874656.0,9593.5,9078.1,2421.14,5498.3,82684.5,219.2,546.0,8080.4,37272.556,27174.2,,,7219.2,101730.0,747147.2,416.95,182.9,35321.7,24593.5,154906.2,11308647.77,6951472.678,13561631.87,2778996.6,6102673.839,39808.5,231230.9,2255187.6,659.5,247033.3,15990.5,14966.6,2905124.2,849559.99,45700.3,1520.57,313921.8,,173.6,6420.0,380811.8,9651.9,16069.8,,2823.3,533.2,306.9,6655.1,66848.6,277.9,,17490.3,,2478.6,12264287.109,,9465.3,204415.29,16876.8,3364.54,44248.4,19928172.398,20764721.708,836549.31,453442.37,482508.0,383106.94,,2195249.0,,38824.8,607211.9,142232.6,1630.7,64980.2,333344.8,7573.9,24824.0,1167792.0,202152.6,19113.3,9700.8,11066.4,67.8,245.0,615882.2,91549.3,1429698.126,15702.2,27811.5,1410.29,50951.0,506.4,1706938.396,303687.24,146259.99,149.547,21926.6,5114645.59,20159080.108,689.3,14283286.07,11202.4,8853.4,7145.3,,,60316.0,,8143.0,3181.72,1756.7,2476246.45,473314.9,175.6,20000358.958,7296.1,4666.3,1352.3,21860.8,1366702.25,2150.7,18172.8,,7282.0,3262.5,4035.5,1124.2,235963.3,5451330.6,4126.9,,2108.56,110833.9,5379.7,158535.4,38764.5,10411.7,63.2,31185.7,11968697.7,72126.3,187952.562,181113.3,10768.7,56860.4,121960.7,249.2,7664.4,299802.4,440319.06,,29998.3,48757.4,7182.1,,3245.37,10897681.77,,86919.8,71588.2,1571518.0,1163.59,2491075.93,561230.9,21130.8,10132.8,46100.8,357.3,932.5,7171.6,,658.3,46621.2,783959.432,1730.2,784535.532,228470.488,129.5,2954.886,31500.7,13903.0,38782.4,843.3,,576.1,26342.7,,2207.27,11278712.67,3167264.0,2300.0,261595.2,6094.3,73337.5,1676431.326,601.6,1366702.25,152.0,2491075.93,784535.532,18310.7,29606.4,374589.0,9.1,11196.4,4948.1,201655.3,14885713.368,6524.3,4894503.0,105232.9,255.7,151065.4,,,223715.9,181.3,34144040.0,295.7,,10852.1,425141.2,5315.3,11017.1
2017,,4782.88,24247.2,5144.8,465.328,1847736.22,197036.6,179323.9,5371.3,,501.2,389163.3,65856.3,31957.0,525.74,92723.8,6874.2,4271.0,79344.4,43884.8,30518.4,2175.0,22676.0,56005.0,644.4,,22745.7,456494.7,1176.67,7290.1,968.6,7334.412,223.7,568082.4,679383.4,38699.0,,87072.2,10096010.0,10563.8,9172.5,2845.0,5407.4,74989.1,280.6,587.8,8255.1,36387.4,26242.1,,,7361.2,101831.8,732204.2,416.92,166.0,33132.2,23551.3,158335.3,11613415.71,7225634.361,13873866.91,2839643.1,6166570.907,38551.5,242225.4,2258564.4,722.87,263450.5,16707.7,15818.2,2926622.7,842218.89,43015.4,1654.91,317828.8,,175.5,5333.1,367002.4,9725.8,17013.8,,3340.5,541.0,308.3,5795.4,66795.5,288.2,,16573.8,,2473.8,12191013.077,,9263.9,211421.259,17407.9,3326.24,46435.2,20430527.442,21319559.631,889032.189,472435.41,517323.6,416596.779,,2320405.0,,37778.5,626423.1,155082.6,1672.5,65613.7,329193.3,7218.7,26153.8,1155235.0,214582.5,18984.0,9429.2,12686.4,87.2,243.5,626626.8,90727.0,1419135.47,19054.5,29321.5,1278.7,55160.9,532.1,1685605.44,324294.079,173113.359,155.279,23361.2,5347258.26,20731840.431,696.3,14585141.21,11222.0,8997.8,7116.7,,,63522.7,,8064.0,3473.25,1858.9,2515907.72,471578.7,179.5,20543115.612,7787.9,5178.7,1521.2,32495.9,1425953.82,2267.0,19575.5,,7207.2,3485.7,4174.4,1187.06,227617.9,5387452.4,4266.5,,1913.56,108497.8,5475.4,155757.8,37716.6,12483.3,67.3,32927.4,11942139.3,71926.0,189655.832,198828.7,10128.6,54274.3,133500.4,256.1,7609.7,312863.9,448713.26,,54287.0,53331.0,8061.6,,3446.01,10802508.47,,87540.2,74210.7,1594551.0,1192.259,2642032.98,545070.8,20961.6,9800.8,49141.3,354.7,939.5,6383.7,,658.6,47339.3,791659.351,1515.6,792239.551,229489.242,135.1,2495.63,33579.0,14123.7,38291.8,886.2,,580.2,29340.8,,2146.0,11559196.01,3244125.6,2068.9,258815.5,7367.6,73122.0,1656011.67,613.8,1425953.82,184.0,2642032.98,792239.551,18246.6,29957.0,415898.2,10.5,11834.7,5172.4,174938.3,15195857.352,6103.8,4819370.0,109531.4,225.6,140822.4,,,230446.8,169.5,34689960.0,306.8,,10013.8,435651.8,6810.7,10335.5
2018,,6066.78,23957.1,5107.0,494.64,1826262.12,177124.3,176895.3,5712.2,,509.8,387066.7,63061.9,32728.1,685.12,93660.3,7424.1,4670.2,83445.8,40898.2,30809.5,2802.5,22600.1,58947.6,631.6,,23225.6,433988.8,1235.77,7540.0,1051.7,7314.7,230.3,580088.0,673569.3,37481.3,,86606.1,10502930.0,10194.8,9587.5,3121.9,6486.7,78592.3,304.1,612.6,8371.1,37877.5,26710.7,,,7198.6,100899.7,707700.7,403.32,165.7,33131.2,25308.0,165539.0,12156028.67,7394165.42,14377243.07,2920445.7,6178451.647,40138.6,247913.7,2201439.1,851.7,257042.8,15324.3,17244.6,2862314.5,859012.99,44581.3,1627.57,307049.9,,174.7,5122.3,360734.7,9568.7,18675.1,,3752.5,548.3,315.0,6428.7,65021.2,321.1,,18318.0,,2587.1,12206205.717,,10048.8,222424.89,16433.4,3289.74,46396.0,21168610.43,22070593.91,901983.48,467305.27,576991.5,434678.21,,2451927.0,,37661.7,637429.0,163150.1,1695.8,61076.7,324884.2,8611.0,24777.0,1116153.0,216604.8,17493.8,11247.7,14578.0,86.6,245.8,630638.3,91387.5,1387745.27,19357.8,27788.1,1127.9,56621.5,529.2,1645654.54,340498.21,177711.49,142.307,21691.3,5644589.36,21489779.61,731.4,15093685.87,11652.5,9318.1,7785.2,,,64963.7,,8540.0,3350.17,2103.4,2500809.92,452567.1,179.0,21301110.56,7302.4,5473.7,1552.5,32942.3,1455582.12,2500.3,21545.7,,6948.1,3685.2,4133.9,1384.0,244407.3,5555395.0,4225.1,,1953.25,109885.2,5114.0,151363.1,37593.4,15190.8,64.0,32355.4,11979096.9,75603.6,188580.02,187313.6,10058.4,54590.0,138568.0,250.9,7559.2,311910.1,463890.32,,50528.3,49504.6,8472.2,,3417.27,10874680.07,,86416.9,75193.7,1661001.0,1287.43,2768790.38,521256.8,20861.9,10176.6,47397.0,356.4,855.2,6810.4,,659.2,46127.3,801187.47,1547.5,801768.57,229874.79,138.1,2206.03,33003.3,14072.9,36013.1,914.9,,581.1,27390.5,,2190.8,12105564.37,3323982.9,2311.1,257051.7,8677.1,73053.1,1614905.57,613.5,1455582.12,162.4,2768790.38,801768.57,17779.0,29886.5,411731.9,11.0,12004.4,5862.9,185623.7,15656521.2,6544.1,4975307.0,112474.5,252.9,132127.8,,,285602.1,210.2,35476590.0,294.5,,9719.7,434345.2,7731.0,12382.2
2019,,6075.23,25212.9,4829.2,501.848,1875283.52,188858.6,168095.3,6169.6,,516.1,386526.6,64766.3,35508.0,720.72,93008.5,7300.3,5003.8,90736.5,39143.1,33256.7,2836.1,21066.9,57672.2,639.8,,22340.7,434297.9,1249.97,6986.2,1053.8,7252.5,242.6,580212.8,641565.4,37376.3,,91369.4,10707220.0,10833.4,9429.1,3209.8,7256.9,81039.1,320.2,645.3,8238.1,37851.6,25910.9,,,7193.2,96285.2,657401.0,420.02,167.8,29696.2,27233.3,171249.6,12491609.37,7441355.706,14658934.17,2936522.3,6045197.948,39293.3,249367.1,2092833.9,875.3,239977.8,10175.4,18359.3,2724946.2,851746.54,40706.8,1632.37,300515.6,,175.2,5245.5,348921.9,10113.2,20040.6,,3954.6,577.4,330.8,5351.8,59996.8,325.0,,19313.0,,2846.2,11878630.618,,10219.6,228716.426,16523.3,3317.34,46382.3,21498640.93,22436755.846,938114.916,485043.37,619840.7,453071.546,,2456301.0,,35750.9,630014.4,174558.5,1636.3,62650.3,317238.6,8394.4,24627.5,1081572.0,212107.9,22281.7,10046.7,16177.4,86.9,248.8,610788.5,92648.2,1382372.47,18709.9,27946.5,1182.0,56795.7,535.7,1627955.44,357629.646,186170.626,148.4,23782.4,5781102.76,21890932.346,769.8,15423250.77,11730.3,9489.2,7569.2,,,71479.0,,8859.4,4120.47,2109.6,2544021.02,449266.1,179.5,21693966.56,8302.6,5833.8,1658.6,36718.2,1473175.92,2601.1,23074.1,,7495.1,3949.1,4173.7,1453.7,253266.5,5397931.8,4216.0,,2148.95,115278.1,5236.1,146341.0,35946.4,13448.2,64.2,34008.7,11610594.1,76026.8,190277.02,190570.8,13344.2,56746.3,145418.6,251.7,7582.0,295132.2,489880.07,,56042.4,44638.6,8213.7,,3427.47,10525699.37,,91967.4,73948.3,1703590.0,1332.816,2784077.53,523778.5,20622.8,10616.6,47378.6,357.5,898.9,7797.8,,693.7,45946.1,823174.756,1703.3,823786.656,231556.09,145.4,2648.93,31076.3,13599.8,35001.7,963.0,,611.9,25714.2,,2247.7,12435631.17,3322126.1,2365.4,267089.1,9417.6,72866.8,1597958.47,615.4,1473175.92,162.9,2784077.53,823786.656,17186.7,29908.4,396842.9,11.0,12454.0,5862.1,174731.8,15912863.8,6490.1,4817719.0,116707.2,256.1,112341.6,,,336491.8,210.8,35512860.0,295.4,,11095.0,439640.0,6803.9,11759.9
2020,,,,,,,,,,,,,,,,,,,,,,,,,,,,,,,,,,,,,,,,,,,,,,,,,,,,,,,,,,,,,,,,,,,,,,,,,,,,,,,,,,,,,,,,,,,,,,,,,,,,,,,,,,,,,,,,,,,,,,,,,,,,,,,,,,,,,,,,,,,,,,,,,,,,,,,,,,,,,,,,,,,,,,,,,,,,,,,,,,,,,,,,,,,,,,,,,,,,,,,,,,,,,,,,,,,,,,,,,,,,,,,,,,,,,,,,,,,,,,,,,,,,,,,,,,,,,,,,,,,,,,,,
